BeeID,bout_index,event_type,dt,Temperature,q10,metabolic_rate_uL_h,metabolic_rate_mL_h,weight_g,mass_specific_mL_g_h
green3,0,buzz,2,23.5,0.9877774918486618,6068.014132176029,6.068014132176029,0.18099999999999916,33.52493996
green3,1,buzz,1,23.5,0.9877774918486618,6116.896672026141,6.116896672,0.18099999999999916,33.795009237713636
green3,2,buzz,2,23.5,0.9877774918486618,6166.889868888088,6.166889868888088,0.18099999999999916,34.071214745238215
green3,3,buzz,1,23.5,0.9877774918486618,6216.883065750031,6.216883065750031,0.18099999999999916,34.34742025276277
green3,4,buzz,2,23.5,0.9877774918486618,6634.283854259557,6.634283854259557,0.18099999999999916,36.65350195723529
green3,5,buzz,3,23.5,0.9877774918486618,8442.885871617611,8.442885872,0.18099999999999916,46.645778296230105
green3,19,flight,2,23.5,0.9877774918486618,12281.675462858648,12.281675462858647,0.18099999999999916,67.85456056828014
green3,20,flight,1,23.5,0.9877774918486618,11158.944056519154,11.158944056519154,0.18099999999999916,61.65162462165307
green3,21,flight,1,23.5,0.9877774918486618,11215.830557385712,11.215830557385713,0.18099999999999916,61.96591468168931
green4,22,buzz,2,23.5,0.9877774918486618,10670.365207280003,10.670365207280003,0.21649999999999636,49.28575153478145
green4,23,buzz,1,23.5,0.9877774918486618,10390.990518816463,10.390990518816462,0.21649999999999636,47.99533726936091
green4,24,buzz,2,23.5,0.9877774918486618,10227.621406773114,10.227621406773114,0.21649999999999636,47.24074552782118
green4,25,buzz,1,23.5,0.9877774918486618,10238.358745665008,10.238358745665007,0.21649999999999636,47.29034063
green4,26,buzz,1,23.5,0.9877774918486618,10536.630012658614,10.536630012658614,0.21649999999999636,48.66803700997132
green4,27,buzz,1,23.5,0.9877774918486618,12435.324844382205,12.435324844382205,0.21649999999999636,57.43799004333678
green4,28,buzz,2,23.5,0.9877774918486618,11323.59510619142,11.323595106191421,0.21649999999999636,52.30297970527303
green4,29,buzz,1,23.5,0.9877774918486618,12142.565375793114,12.142565375793113,0.21649999999999636,56.085752313133106
green4,30,buzz,2,23.5,0.9877774918486618,12045.140486661081,12.045140486661081,0.21649999999999636,55.63575282522533
green4,31,buzz,1,23.5,0.9877774918486618,11528.351897587727,11.528351897587727,0.21649999999999636,53.24873855698809
green4,32,buzz,1,23.5,0.9877774918486618,11790.57481768281,11.79057481768281,0.21649999999999636,54.459929873824514
green4,36,buzz,1,23.5,0.9877774918486618,12038.60693,12.038606931218998,0.21649999999999636,55.60557474
green4,37,buzz,1,23.5,0.9877774918486618,13961.801410517412,13.961801410517412,0.21649999999999636,64.48869011786442
green4,38,buzz,2,23.5,0.9877774918486618,14064.40383415071,14.06440383415071,0.21649999999999636,64.96260431478497
green4,39,buzz,1,23.5,0.9877774918486618,14167.006257784016,14.167006257784017,0.21649999999999636,65.43651851170557
green4,40,buzz,1,23.5,0.9877774918486618,14167.006257784016,14.167006257784017,0.21649999999999636,65.43651851170557
green4,41,buzz,1,23.5,0.9877774918486618,14500.377605283973,14.500377605283973,0.21649999999999636,66.97633997821809
green4,42,buzz,2,23.5,0.9877774918486618,15516.775752403451,15.51677575240345,0.21649999999999636,71.67101964158758
green4,43,buzz,1,23.5,0.9877774918486618,15627.157516451556,15.627157516451556,0.21649999999999636,72.18086612679824
green4,44,buzz,1,23.5,0.9877774918486618,15627.157516451556,15.627157516451556,0.21649999999999636,72.18086612679824
green4,45,buzz,1,23.5,0.9877774918486618,16481.323878531806,16.481323878531807,0.21649999999999636,76.12620729114127
green4,46,buzz,1,23.5,0.9877774918486618,16678.37956149067,16.67837956149067,0.21649999999999636,77.03639520319145
green4,47,buzz,1,23.5,0.9877774918486618,15931.581846997387,15.931581846997387,0.21649999999999636,73.58698312700996
green4,101,flight,2,23.5,0.9877774918486618,14684.76800524235,14.684768005242349,0.21649999999999636,67.82802773784108
green4,106,flight,1,23.5,0.9877774918486618,14785.565166731543,14.785565166731542,0.21649999999999636,68.29360354148633
green4,107,flight,1,23.5,0.9877774918486618,15163.371092035819,15.163371092035819,0.21649999999999636,70.03866555212967
green4,108,flight,1,23.5,0.9877774918486618,14129.098123423848,14.129098123423848,0.21649999999999636,65.26142320288261
green5,109,buzz,1,24,0.9541301642708879,11833.591729328376,11.833591729328376,0.2665000000000042,44.403721310799966
green5,111,buzz,2,24,0.9541301642708879,12156.653142387277,12.156653142387277,0.2665000000000042,45.61595925848813
green5,112,buzz,2,24,0.9541301642708879,10505.377278160062,10.505377278160061,0.2665000000000042,39.41980216945552
green5,121,flight,1,24,0.9541301642708879,15457.263597609492,15.457263597609492,0.2665000000000042,58.00098910922795
green5,122,flight,3,24,0.9541301642708879,15458.453207098306,15.458453207098305,0.2665000000000042,58.00545293470192
green5,123,flight,2,24,0.9541301642708879,15505.56071239472,15.50556071239472,0.2665000000000042,58.182216556827306
green5,125,flight,1,24,0.9541301642708879,15893.756393595682,15.893756393595682,0.2665000000000042,59.638860763960345
green5,126,flight,1,24,0.9541301642708879,15813.594575366362,15.813594575366363,0.2665000000000042,59.338065948840956
green5,127,flight,1,24,0.9541301642708879,15651.144755249665,15.651144755249664,0.2665000000000042,58.72849814352502
green5,128,flight,1,24,0.9541301642708879,15561.687037655889,15.561687037655888,0.2665000000000042,58.39282190489923
green5,129,flight,2,24,0.9541301642708879,15870.816623708175,15.870816623708174,0.2665000000000042,59.552782828172326
green5,130,flight,1,24,0.9541301642708879,15950.246242449439,15.950246242449438,0.2665000000000042,59.85083017804573
green5,131,flight,2,24,0.9541301642708879,16052.934501379088,16.052934501379088,0.2665000000000042,60.23615197515511
green5,132,flight,1,24,0.9541301642708879,16220.740999064034,16.220740999064034,0.2665000000000042,60.86581988391662
green5,133,flight,2,24,0.9541301642708879,16381.752181719048,16.381752181719047,0.2665000000000042,61.46998942483599
green5,140,flight,3,24,0.9541301642708879,16734.18057627801,16.73418057627801,0.2665000000000042,62.79242242505722
green5,141,flight,2,24,0.9541301642708879,17658.264418371877,17.65826441837188,0.2665000000000042,66.25990400889907
green5,142,flight,1,24,0.9541301642708879,16393.05919664375,16.39305919664375,0.2665000000000042,61.51241724819322
green5,143,flight,2,24,0.9541301642708879,16256.01767197556,16.25601767197556,0.2665000000000042,60.99819013874411
green5,146,flight,1,24,0.9541301642708879,7012.585352772308,7.012585352772309,0.2665000000000042,26.31364109858236
red31,147,buzz,1,23.5,0.9877774918486618,10455.573386788512,10.455573386788512,0.2190000000000012,47.74234423191075
red31,148,buzz,2,23.5,0.9877774918486618,10436.31291103045,10.43631291103045,0.2190000000000012,47.654396854020064
red31,149,buzz,2,23.5,0.9877774918486618,10421.515213980563,10.421515213980562,0.2190000000000012,47.58682746
red31,150,buzz,2,23.5,0.9877774918486618,11233.515132933278,11.23351513293328,0.2190000000000012,51.29458964809689
red31,151,buzz,1,23.5,0.9877774918486618,13592.397125447813,13.592397125447812,0.2190000000000012,62.06574029884812
red31,152,buzz,2,23.5,0.9877774918486618,15315.28455,15.31528455,0.2190000000000012,69.93280617988637
red31,153,buzz,1,23.5,0.9877774918486618,16201.71686480218,16.20171686480218,0.2190000000000012,73.98044230503238
red31,154,buzz,2,23.5,0.9877774918486618,13099.082278246246,13.099082278246245,0.2190000000000012,59.81316108788207
red31,155,buzz,1,23.5,0.9877774918486618,12950.91506180245,12.950915061802451,0.2190000000000012,59.136598455718634
red31,156,buzz,1,23.5,0.9877774918486618,13241.329941736887,13.241329941736888,0.2190000000000012,60.4626938
red31,157,buzz,2,23.5,0.9877774918486618,14275.623061009695,14.275623061009695,0.2190000000000012,65.18549342926765
red31,158,flight,1,23.5,0.9877774918486618,13865.382869094075,13.865382869094075,0.2190000000000012,63.31225054380822
red31,159,buzz,2,23.5,0.9877774918486618,13997.93036005927,13.99793036005927,0.2190000000000012,63.91749022858079
red31,160,flight,1,23.5,0.9877774918486618,12001.200192713688,12.001200192713688,0.2190000000000012,54.800000879970874
unmarked3,161,buzz,1,22,1.0960077501510197,12391.291769192205,12.391291769192204,0.19650000000000034,63.06000900352256
unmarked3,162,buzz,1,22,1.0960077501510197,12391.291769192205,12.391291769192204,0.19650000000000034,63.06000900352256
unmarked3,163,buzz,1,22,1.0960077501510197,12439.796688182887,12.439796688182888,0.19650000000000034,63.30685337497642
unmarked3,164,buzz,2,22,1.0960077501510197,12431.579918080008,12.431579918080008,0.19650000000000034,63.26503775104319
unmarked3,165,buzz,1,22,1.0960077501510197,12108.541497792743,12.108541497792743,0.19650000000000034,61.621076324644896
unmarked3,166,buzz,1,22,1.0960077501510197,11824.143269140159,11.824143269140158,0.19650000000000034,60.173757094860754
unmarked3,167,buzz,2,22,1.0960077501510197,11857.026132063287,11.857026132063288,0.19650000000000034,60.34109990871892
unmarked3,168,buzz,1,22,1.0960077501510197,11677.04894579859,11.677048945798589,0.19650000000000034,59.42518547480188
unmarked3,169,buzz,1,22,1.0960077501510197,14993.112458531514,14.993112458531513,0.19650000000000034,76.30082676097449
unmarked3,170,buzz,2,22,1.0960077501510197,15025.173973246678,15.025173973246678,0.19650000000000034,76.46398969
unmarked3,171,buzz,1,22,1.0960077501510197,15161.697301838041,15.161697301838041,0.19650000000000034,77.15876489484995
unmarked3,177,flight,2,22,1.0960077501510197,12108.969598419955,12.108969598419955,0.19650000000000034,61.62325495379101
unmarked3,178,flight,1,22,1.0960077501510197,11361.06202017425,11.36106202017425,0.19650000000000034,57.81710951742611
unmarked3,179,flight,1,22,1.0960077501510197,8632.180275553732,8.632180275553733,0.19650000000000034,43.929670613504925
unmarked303,180,buzz,1,22.5,1.0586737026540554,10574.468268735236,10.574468268735236,0.2240000000000002,47.20744762828226
unmarked303,181,buzz,2,22.5,1.0586737026540554,11549.128802367773,11.549128802367774,0.2240000000000002,51.55861072485609
unmarked303,182,buzz,3,22.5,1.0586737026540554,10571.034354713309,10.571034354713309,0.2240000000000002,47.19211765497008
unmarked303,183,buzz,1,22.5,1.0586737026540554,9372.334116,9.372334116,0.2240000000000002,41.840777304035726
unmarked303,184,buzz,1,22.5,1.0586737026540554,8344.083307908386,8.344083307908386,0.2240000000000002,37.25037191030526
unmarked303,185,buzz,4,22.5,1.0586737026540554,8372.672579513817,8.372672579513818,0.2240000000000002,37.378002587115226
unmarked303,186,buzz,2,22.5,1.0586737026540554,10699.949051485492,10.699949051485492,0.2240000000000002,47.767629694131614
unmarked303,187,buzz,1,22.5,1.0586737026540554,10618.960513232458,10.618960513232457,0.2240000000000002,47.40607371978771
unmarked303,188,buzz,2,22.5,1.0586737026540554,10749.179284271571,10.749179284271571,0.2240000000000002,47.98740751906947
unmarked303,189,buzz,1,22.5,1.0586737026540554,10879.398055310685,10.879398055310684,0.2240000000000002,48.56874131835122
unmarked303,190,buzz,1,22.5,1.0586737026540554,10622.935621251183,10.622935621251184,0.2240000000000002,47.42381973772846
unmarked303,191,buzz,2,22.5,1.0586737026540554,10630.479941791036,10.630479941791036,0.2240000000000002,47.45749974013851
unmarked303,192,buzz,1,22.5,1.0586737026540554,10800.003879653843,10.800003879653843,0.2240000000000002,48.21430303
unmarked303,193,buzz,1,22.5,1.0586737026540554,11058.068298760201,11.058068298760201,0.2240000000000002,49.36637633375086
unmarked303,194,buzz,2,22.5,1.0586737026540554,11477.707074896141,11.477707074896141,0.2240000000000002,51.23976372721487
unmarked303,195,buzz,1,22.5,1.0586737026540554,13016.92632220827,13.01692632220827,0.2240000000000002,58.111278224144016
unmarked303,196,buzz,1,22.5,1.0586737026540554,13016.92632220827,13.01692632220827,0.2240000000000002,58.111278224144016
unmarked303,197,buzz,1,22.5,1.0586737026540554,13016.92632220827,13.01692632220827,0.2240000000000002,58.111278224144016
unmarked303,198,buzz,1,22.5,1.0586737026540554,13628.319278350084,13.628319278350084,0.2240000000000002,60.84071106406282
unmarked303,199,buzz,2,22.5,1.0586737026540554,13327.417321743758,13.327417321743757,0.2240000000000002,59.49739875778458
unmarked303,200,buzz,2,22.5,1.0586737026540554,13611.283101126974,13.611283101126974,0.2240000000000002,60.76465670145965
unmarked303,201,buzz,2,22.5,1.0586737026540554,13604.140229655171,13.60414022965517,0.2240000000000002,60.73276888
unmarked303,202,buzz,2,22.5,1.0586737026540554,13285.35282778146,13.28535282778146,0.2240000000000002,59.30961083831004
unmarked303,203,buzz,2,22.5,1.0586737026540554,11539.312356327286,11.539312356327285,0.2240000000000002,51.51478730503248
unmarked303,204,flight,1,22.5,1.0586737026540554,10915.23247,10.91523247,0.2240000000000002,48.72871636726603
unmarked303,205,buzz,1,22.5,1.0586737026540554,10646.871386729228,10.646871386729227,0.2240000000000002,47.53067583361258
unmarked303,206,buzz,2,22.5,1.0586737026540554,10773.121401791834,10.773121401791833,0.2240000000000002,48.09429197228493
unmarked303,207,buzz,2,22.5,1.0586737026540554,11188.394419312765,11.188394419312765,0.2240000000000002,49.94818937193194
unmarked303,208,buzz,2,22.5,1.0586737026540554,11745.795651823451,11.745795651823451,0.2240000000000002,52.43658773135465
unmarked303,209,buzz,1,22.5,1.0586737026540554,11996.707036190453,11.996707036190454,0.2240000000000002,53.556727840135906
unmarked303,211,buzz,2,22.5,1.0586737026540554,10848.196823946064,10.848196823946063,0.2240000000000002,48.429450106902024
unmarked303,212,buzz,1,22.5,1.0586737026540554,10609.596332597741,10.609596332597741,0.2240000000000002,47.36426934195416
unmarked303,213,buzz,1,22.5,1.0586737026540554,10187.17917319656,10.18717917319656,0.2240000000000002,45.478478451770314
unmarked303,214,buzz,2,22.5,1.0586737026540554,9799.303784,9.799303784,0.2240000000000002,43.74689189357741
unmarked303,215,buzz,2,22.5,1.0586737026540554,12468.428747271644,12.468428747271645,0.2240000000000002,55.66262833603408
unmarked303,216,buzz,2,22.5,1.0586737026540554,8552.768856,8.552768856,0.2240000000000002,38.18200382339644
unmarked303,217,buzz,2,22.5,1.0586737026540554,9098.259374592417,9.098259374592416,0.2240000000000002,40.61722935085896
unmarked303,218,buzz,2,22.5,1.0586737026540554,9887.116321366952,9.887116321366952,0.2240000000000002,44.13891214895956
unmarked303,219,buzz,2,22.5,1.0586737026540554,10579.899264829852,10.579899264829852,0.2240000000000002,47.231693146561796
unmarked303,220,buzz,1,22.5,1.0586737026540554,10579.502897395578,10.579502897395578,0.2240000000000002,47.22992364908736
unmarked303,221,buzz,2,22.5,1.0586737026540554,10533.056764712737,10.533056764712738,0.2240000000000002,47.022574842467534
unmarked303,223,buzz,2,22.5,1.0586737026540554,10358.393389493025,10.358393389493026,0.2240000000000002,46.24282763166525
unmarked303,224,buzz,2,22.5,1.0586737026540554,9791.070267041066,9.791070267041066,0.2240000000000002,43.71013512071901
unmarked303,225,buzz,1,22.5,1.0586737026540554,9345.62886,9.34562886,0.2240000000000002,41.72155741169559
unmarked303,226,buzz,2,22.5,1.0586737026540554,9538.575953753852,9.538575953753853,0.2240000000000002,42.58292836497252
unmarked303,227,buzz,1,22.5,1.0586737026540554,8530.994690928846,8.530994690928846,0.2240000000000002,38.084797727360886
unmarked303,228,buzz,2,22.5,1.0586737026540554,9279.361179802188,9.279361179802189,0.2240000000000002,41.42571955268831
unmarked303,229,flight,1,22.5,1.0586737026540554,9336.935455243107,9.336935455243108,0.2240000000000002,41.68274756804955
unmarked38,234,buzz,2,23.5,0.9877774918486618,6494.319734774571,6.494319734774571,0.1680000000000028,38.656665087943225
unmarked38,235,buzz,2,23.5,0.9877774918486618,6533.947194637057,6.533947194637057,0.1680000000000028,38.89254282521993
unmarked38,236,buzz,1,23.5,0.9877774918486618,7573.303463777579,7.573303463777579,0.1680000000000028,45.07918728
unmarked38,237,buzz,3,23.5,0.9877774918486618,7613.301735310507,7.613301735310507,0.1680000000000028,45.31727223399035
unmarked38,238,buzz,2,23.5,0.9877774918486618,7675.892848747991,7.675892849,0.1680000000000028,45.68983838540394
unmarked38,239,buzz,1,23.5,0.9877774918486618,7703.671127373758,7.703671127373759,0.1680000000000028,45.85518528198589
unmarked38,240,buzz,2,23.5,0.9877774918486618,8078.8829514289355,8.078882951428936,0.1680000000000028,48.088589
unmarked38,241,buzz,1,23.5,0.9877774918486618,9501.632805589621,9.501632806,0.1680000000000028,56.55733813
unmarked38,242,buzz,2,23.5,0.9877774918486618,9575.343922919341,9.575343922919341,0.1680000000000028,56.99609477928084
unmarked38,243,buzz,2,23.5,0.9877774918486618,9607.193227700012,9.607193227700012,0.1680000000000028,57.185673974403876
unmarked38,244,buzz,1,23.5,0.9877774918486618,9337.142961204021,9.337142961204021,0.1680000000000028,55.578231911927766
unmarked38,245,buzz,1,23.5,0.9877774918486618,9337.142961204021,9.337142961204021,0.1680000000000028,55.578231911927766
unmarked38,246,buzz,1,23.5,0.9877774918486618,9097.102362687887,9.097102362687886,0.1680000000000028,54.149418825522226
unmarked38,247,buzz,1,23.5,0.9877774918486618,9097.102362687887,9.097102362687886,0.1680000000000028,54.149418825522226
unmarked38,248,buzz,1,23.5,0.9877774918486618,9097.102362687887,9.097102362687886,0.1680000000000028,54.149418825522226
unmarked38,249,buzz,2,23.5,0.9877774918486618,9015.234969052472,9.015234969052472,0.1680000000000028,53.662112911025716
unmarked38,250,buzz,1,23.5,0.9877774918486618,8933.367575417056,8.933367575417057,0.1680000000000028,53.174806996529206
unmarked38,251,buzz,1,23.5,0.9877774918486618,9443.774331671078,9.443774331671078,0.1680000000000028,56.21294245042214
unmarked38,252,buzz,2,23.5,0.9877774918486618,9435.251194804912,9.435251194804913,0.1680000000000028,56.162209492885445
unmarked38,253,buzz,1,23.5,0.9877774918486618,9426.728057938748,9.426728057938748,0.1680000000000028,56.11147653534875
unmarked38,254,buzz,2,23.5,0.9877774918486618,9398.572250755593,9.398572250755594,0.1680000000000028,55.943882444972836
unmarked38,255,buzz,2,23.5,0.9877774918486618,9341.889627163353,9.341889627163352,0.1680000000000028,55.60648588
unmarked38,256,buzz,1,23.5,0.9877774918486618,9760.047250787129,9.760047251,0.1680000000000028,58.09551934992242
unmarked38,257,buzz,1,23.5,0.9877774918486618,9760.047250787129,9.760047251,0.1680000000000028,58.09551934992242
unmarked38,258,buzz,1,23.5,0.9877774918486618,9760.047250787129,9.760047251,0.1680000000000028,58.09551934992242
unmarked38,259,buzz,2,23.5,0.9877774918486618,9868.349940770393,9.868349940770393,0.1680000000000028,58.740178218870405
unmarked38,260,buzz,2,23.5,0.9877774918486618,10119.377390772866,10.119377390772867,0.1680000000000028,60.234389230789866
unmarked38,261,buzz,1,23.5,0.9877774918486618,10084.183668960291,10.084183668960291,0.1680000000000028,60.02490279
unmarked38,262,buzz,2,23.5,0.9877774918486618,10332.674506363697,10.332674506363697,0.1680000000000028,61.50401492
unmarked38,263,flight,1,23.5,0.9877774918486618,6756.884030770835,6.756884030770835,0.1680000000000028,40.21954780220668
unmarked38,264,flight,1,23.5,0.9877774918486618,8657.565480586034,8.657565480586033,0.1680000000000028,51.53312786063029
unmarked4,265,buzz,1,22.5,1.0586737026540554,16144.260296993814,16.144260296993814,0.16099999999999426,100.27490867698378
unmarked4,266,buzz,1,22.5,1.0586737026540554,16051.359138769034,16.051359138769033,0.16099999999999426,99.69788284950066
unmarked4,267,buzz,1,22.5,1.0586737026540554,15999.747525356208,15.999747525356208,0.16099999999999426,99.37731382209179
unmarked4,268,buzz,1,22.5,1.0586737026540554,15999.747525356208,15.999747525356208,0.16099999999999426,99.37731382209179
unmarked4,298,flight,2,22.5,1.0586737026540554,14375.464269505308,14.375464269505308,0.16099999999999426,89.28859794724112
unmarked4,301,flight,2,22.5,1.0586737026540554,14145.97959394106,14.14597959394106,0.16099999999999426,87.86322729156251
unmarked4,306,flight,2,22.5,1.0586737026540554,14848.225174693025,14.848225174693026,0.16099999999999426,92.22500108505314
unmarked4,309,flight,2,22.5,1.0586737026540554,13717.924361869018,13.717924361869018,0.16099999999999426,85.20449914204663
unmarked4,310,flight,1,22.5,1.0586737026540554,14341.621858987311,14.341621858987311,0.16099999999999426,89.07839663967592
unmarked4,311,flight,2,22.5,1.0586737026540554,14635.40444667803,14.63540444667803,0.16099999999999426,90.90313320918355
unmarked4,312,flight,4,22.5,1.0586737026540554,14280.471066176711,14.28047106617671,0.16099999999999426,88.69857805079019
unmarked4,313,flight,2,22.5,1.0586737026540554,14530.168257674148,14.530168257674148,0.16099999999999426,90.24949228369358
unmarked4,314,flight,2,22.5,1.0586737026540554,14615.920192384903,14.615920192384904,0.16099999999999426,90.78211299618276
unmarked4,315,flight,1,22.5,1.0586737026540554,14582.967702981357,14.582967702981357,0.16099999999999426,90.57743914895576
unmarked4,316,flight,2,22.5,1.0586737026540554,13674.21151,13.67421151,0.16099999999999426,84.93299076367819
unmarked4,317,flight,2,22.5,1.0586737026540554,13327.224219660391,13.32722421966039,0.16099999999999426,82.77779018422898
unmarked4,318,flight,2,22.5,1.0586737026540554,13480.068965072627,13.480068965072627,0.16099999999999426,83.72713642902552
unmarked4,319,flight,1,22.5,1.0586737026540554,14779.076843130468,14.779076843130468,0.16099999999999426,91.79550834242855
unmarked4,320,flight,2,22.5,1.0586737026540554,13761.535578110892,13.761535578110893,0.16099999999999426,85.47537626
unmarked4,321,flight,2,22.5,1.0586737026540554,13517.372603394086,13.517372603394085,0.16099999999999426,83.95883604592899
unmarked4,322,flight,2,22.5,1.0586737026540554,15682.253399277663,15.682253399277663,0.16099999999999426,97.40530061663492
unmarked4,323,flight,2,22.5,1.0586737026540554,14746.892950835048,14.746892950835049,0.16099999999999426,91.59560839028308
unmarked4,324,flight,1,22.5,1.0586737026540554,13607.86951364014,13.607869513640141,0.16099999999999426,84.52092865615296
unmarked4,325,flight,2,22.5,1.0586737026540554,12697.91405804012,12.69791405804012,0.16099999999999426,78.86903141640107
unmarked4,326,buzz,1,22.5,1.0586737026540554,13918.296357549247,13.918296357549247,0.16099999999999426,86.44904569906673
unmarked4,327,buzz,1,22.5,1.0586737026540554,13971.49344069917,13.97149344069917,0.16099999999999426,86.77946236459421
unmarked4,328,buzz,1,22.5,1.0586737026540554,14068.362084492015,14.068362084492016,0.16099999999999426,87.38113095958086
unmarked4,329,buzz,1,22.5,1.0586737026540554,12908.297507456859,12.908297507456858,0.16099999999999426,80.17576091588397
unmarked41,345,buzz,2,23,1.0226113898709317,14966.409362317334,14.966409362317334,0.22399999999999665,66.81432751034625
unmarked41,346,buzz,2,23,1.0226113898709317,15713.349673196979,15.713349673196978,0.22399999999999665,70.14888246963042
unmarked41,347,buzz,1,23,1.0226113898709317,15568.723380505753,15.568723380505753,0.22399999999999665,69.50322937725886
unmarked41,355,flight,1,23,1.0226113898709317,15690.641564673502,15.690641564673502,0.22399999999999665,70.04750699
unmarked41,356,flight,1,23,1.0226113898709317,15614.97036704583,15.61497036704583,0.22399999999999665,69.70968913859849
unmarked41,357,flight,2,23,1.0226113898709317,15098.145842961505,15.098145842961506,0.22399999999999665,67.40243679893631
unmarked41,358,flight,1,23,1.0226113898709317,15345.73355891961,15.34573355891961,0.22399999999999665,68.50773910232071
unmarked41,359,flight,1,23,1.0226113898709317,15371.886231648723,15.371886231648723,0.22399999999999665,68.62449210557568
unmarked41,360,flight,1,23,1.0226113898709317,13847.480659901796,13.847480659901796,0.22399999999999665,61.819110088848234
unmarked41,361,flight,1,23,1.0226113898709317,15541.20736227166,15.54120736227166,0.22399999999999665,69.38039001014238
unmarked41,362,flight,1,23,1.0226113898709317,14435.166017635835,14.435166017635835,0.22399999999999665,64.44270543587523
unmarked41,363,flight,1,23,1.0226113898709317,14620.853429986822,14.620853429986822,0.22399999999999665,65.27166709815643
unmarked41,364,flight,2,23,1.0226113898709317,14125.009823788483,14.125009823788483,0.22399999999999665,63.05807957048524
unmarked42,365,buzz,1,23.5,0.9877774918486618,10898.027373379291,10.898027373379291,0.15450000000000053,70.53739400245472
unmarked42,366,buzz,1,23.5,0.9877774918486618,10642.480248685117,10.642480248685116,0.15450000000000053,68.88336730540505
unmarked42,379,flight,1,23.5,0.9877774918486618,11392.727282179927,11.392727282179926,0.15450000000000053,73.73933515974038
unmarked42,380,flight,2,23.5,0.9877774918486618,11515.819371882148,11.515819371882147,0.15450000000000053,74.53604771444729
unmarked42,381,flight,2,23.5,0.9877774918486618,11960.088695947446,11.960088695947446,0.15450000000000053,77.41157732004793
unmarked42,384,flight,1,23.5,0.9877774918486618,11866.229881116491,11.86622988111649,0.15450000000000053,76.8040769
unmarked42,385,flight,2,23.5,0.9877774918486618,11383.355446892765,11.383355446892764,0.15450000000000053,73.67867603166813
unmarked42,395,flight,1,23.5,0.9877774918486618,11378.572035610738,11.378572035610738,0.15450000000000053,73.64771544084594
unmarked42,396,flight,1,23.5,0.9877774918486618,10947.531620382772,10.947531620382772,0.15450000000000053,70.85780984066496
unmarked42,397,flight,1,23.5,0.9877774918486618,10348.98587364209,10.348985873642091,0.15450000000000053,66.98372733748903
unmarked42,398,flight,2,23.5,0.9877774918486618,10315.299895393075,10.315299895393075,0.15450000000000053,66.76569511581255
unmarked42,399,flight,1,23.5,0.9877774918486618,10753.235392625144,10.753235392625143,0.15450000000000053,69.60022907847966
unmarked42,400,flight,1,23.5,0.9877774918486618,10937.794109868128,10.937794109868127,0.15450000000000053,70.79478388264135
unmarked42,401,flight,1,23.5,0.9877774918486618,10968.388739678656,10.968388739678655,0.15450000000000053,70.99280737656063
unmarked42,402,flight,1,23.5,0.9877774918486618,11000.335834431018,11.000335834431018,0.15450000000000053,71.19958468887366
unmarked42,403,flight,1,23.5,0.9877774918486618,11093.073916919726,11.093073916919726,0.15450000000000053,71.79983118
unmarked42,413,flight,1,23.5,0.9877774918486618,11475.804900798352,11.475804900798352,0.15450000000000053,74.27705437409911
unmarked42,414,flight,1,23.5,0.9877774918486618,11192.106117586492,11.192106117586492,0.15450000000000053,72.44081629505796
unmarked42,416,flight,2,23.5,0.9877774918486618,11377.499901921088,11.377499901921087,0.15450000000000053,73.64077606421391
unmarked42,417,flight,1,23.5,0.9877774918486618,10577.52874215311,10.57752874215311,0.15450000000000053,68.46296920487427
unmarked42,418,flight,1,23.5,0.9877774918486618,10484.968459612935,10.484968459612935,0.15450000000000053,67.86387352500259
unmarked42,419,flight,1,23.5,0.9877774918486618,10254.741232922815,10.254741232922816,0.15450000000000053,66.37372966293063
unmarked42,420,flight,1,23.5,0.9877774918486618,9850.508308601628,9.850508308601627,0.15450000000000053,63.75733533075465
unmarked42,421,flight,2,23.5,0.9877774918486618,10501.152996261379,10.501152996261379,0.15450000000000053,67.96862780751678
unmarked42,422,flight,1,23.5,0.9877774918486618,10712.730193683401,10.71273019,0.15450000000000053,69.33805950604119
unmarked42,428,flight,1,23.5,0.9877774918486618,9366.164654,9.366164654,0.15450000000000053,60.622424945867294
unmarked44,429,buzz,3,23.5,0.9877774918486618,13135.331539086606,13.135331539086607,0.19799999999999685,66.34005827821625
unmarked44,448,flight,2,23.5,0.9877774918486618,12192.030506807916,12.192030506807916,0.19799999999999685,61.57591165054601
unmarked44,449,flight,1,23.5,0.9877774918486618,12197.267307958698,12.197267307958699,0.19799999999999685,61.60236014120653
unmarked44,453,buzz,2,23.5,0.9877774918486618,11418.492865388305,11.418492865388306,0.19799999999999685,57.66915588580044
unmarked44,454,flight,1,23.5,0.9877774918486618,12231.06944884076,12.23106944884076,0.19799999999999685,61.77307802444927
unmarked44,455,flight,1,23.5,0.9877774918486618,12520.006218536395,12.520006218536395,0.19799999999999685,63.232354639073705
unmarked46,456,buzz,2,24,0.9541301642708879,9830.142223296047,9.830142223296047,0.16799999999999926,58.51275132914339
unmarked46,457,buzz,1,24,0.9541301642708879,10588.599564304293,10.588599564304292,0.16799999999999926,63.02737836
unmarked46,458,buzz,2,24,0.9541301642708879,10893.558074930455,10.893558074930455,0.16799999999999926,64.84260758887204
unmarked46,459,buzz,1,24,0.9541301642708879,12337.706783272966,12.337706783272965,0.16799999999999926,73.43873085
unmarked46,480,flight,1,24,0.9541301642708879,12577.21101049998,12.57721101049998,0.16799999999999926,74.86435125
unmarked46,481,flight,1,24,0.9541301642708879,12581.00768524965,12.581007685249649,0.16799999999999926,74.88695050743871
unmarked46,495,flight,2,24,0.9541301642708879,12515.432036493603,12.515432036493603,0.16799999999999926,74.49661926
unmarked46,496,flight,1,24,0.9541301642708879,12536.65208217302,12.536652082173019,0.16799999999999926,74.62292906055401
unmarked46,497,flight,2,24,0.9541301642708879,12484.383114339964,12.484383114339964,0.16799999999999926,74.31180425202392
unmarked46,498,flight,1,24,0.9541301642708879,12362.700032100007,12.362700032100006,0.16799999999999926,73.58750019
unmarked46,502,flight,1,24,0.9541301642708879,12344.296006187416,12.344296006187417,0.16799999999999926,73.47795241778256
unmarked46,503,flight,1,24,0.9541301642708879,12385.304902299844,12.385304902299843,0.16799999999999926,73.72205298988034
unmarked46,504,flight,1,24,0.9541301642708879,12428.839571783134,12.428839571783133,0.16799999999999926,73.98118792728087
unmarked46,512,flight,2,24,0.9541301642708879,12586.372377511274,12.586372377511275,0.16799999999999926,74.9188832
unmarked46,513,flight,1,24,0.9541301642708879,12776.417359412979,12.776417359412978,0.16799999999999926,76.05010332983949
unmarked46,514,flight,3,24,0.9541301642708879,12741.094315775474,12.741094315775474,0.16799999999999926,75.83984711771149
unmarked46,526,flight,1,24,0.9541301642708879,11762.629634142953,11.762629634142954,0.16799999999999926,70.01565258418455
unmarked46,540,flight,1,24,0.9541301642708879,12228.866102218059,12.228866102218058,0.16799999999999926,72.79086966
unmarked46,541,flight,2,24,0.9541301642708879,12272.627473028375,12.272627473028376,0.16799999999999926,73.05135401
unmarked46,542,flight,1,24,0.9541301642708879,12365.268168850162,12.365268168850161,0.16799999999999926,73.60278671934653
unmarked46,543,flight,1,24,0.9541301642708879,12352.606098266155,12.352606098266154,0.16799999999999926,73.52741725158458
unmarked46,544,flight,2,24,0.9541301642708879,12080.032101197574,12.080032101197574,0.16799999999999926,71.90495298
unmarked46,545,flight,2,24,0.9541301642708879,12265.095951163687,12.265095951163687,0.16799999999999926,73.00652352
unmarked46,546,flight,2,24,0.9541301642708879,12154.775414223994,12.154775414223995,0.16799999999999926,72.34985365609552
unmarked46,547,flight,2,24,0.9541301642708879,12232.279789119788,12.232279789119788,0.16799999999999926,72.81118922095145
unmarked46,548,flight,2,24,0.9541301642708879,11936.338381024083,11.936338381024083,0.16799999999999926,71.04963322038175
unmarked46,549,flight,2,24,0.9541301642708879,12047.834215500117,12.047834215500117,0.16799999999999926,71.71329890178673
unmarked46,550,flight,2,24,0.9541301642708879,12451.021380668135,12.451021380668134,0.16799999999999926,74.11322250397731
unmarked47,551,buzz,2,24,0.9541301642708879,8588.933566025366,8.588933566025366,0.22599999999999554,38.00413082312184
unmarked47,552,buzz,1,24,0.9541301642708879,8666.188340470184,8.666188340470184,0.22599999999999554,38.34596611
unmarked47,553,buzz,2,24,0.9541301642708879,9836.462381504176,9.836462381504177,0.22599999999999554,43.52416982966536
unmarked47,554,buzz,2,24,0.9541301642708879,10006.395062847183,10.006395062847183,0.22599999999999554,44.276084348882215
unmarked47,555,buzz,1,24,0.9541301642708879,9619.184616453853,9.619184616453852,0.22599999999999554,42.56276378961965
unmarked47,556,buzz,2,24,0.9541301642708879,9800.216503,9.800216503171791,0.22599999999999554,43.36378983704418
unmarked47,557,buzz,1,24,0.9541301642708879,9900.382423599178,9.900382423599178,0.22599999999999554,43.80700187433351
unmarked47,558,buzz,2,24,0.9541301642708879,10459.525217333794,10.459525217333795,0.22599999999999554,46.28108503245133
unmarked47,559,buzz,2,24,0.9541301642708879,10661.31458742751,10.66131458742751,0.22599999999999554,47.17395835145009
unmarked47,560,buzz,1,24,0.9541301642708879,10741.098570111775,10.741098570111776,0.22599999999999554,47.52698482350437
unmarked47,561,buzz,1,24,0.9541301642708879,10916.410828146976,10.916410828146976,0.22599999999999554,48.30270277941235
unmarked47,562,buzz,2,24,0.9541301642708879,12759.728477883686,12.759728477883685,0.22599999999999554,56.45897556585813
unmarked47,563,buzz,2,24,0.9541301642708879,11645.107322723352,11.645107322723351,0.22599999999999554,51.52702355187425
unmarked47,564,buzz,1,24,0.9541301642708879,10899.758585215988,10.899758585215988,0.22599999999999554,48.22902028856727
unmarked47,565,buzz,3,24,0.9541301642708879,10969.876847684123,10.969876847684123,0.22599999999999554,48.53927808709885
unmarked47,566,buzz,2,24,0.9541301642708879,12433.584842742119,12.43358484274212,0.22599999999999554,55.01586213602816
unmarked47,567,buzz,1,24,0.9541301642708879,12223.54778068241,12.22354778068241,0.22599999999999554,54.08649460479049
unmarked47,568,buzz,2,24,0.9541301642708879,12003.13455308626,12.00313455308626,0.22599999999999554,53.111214836665916
unmarked47,569,buzz,2,24,0.9541301642708879,11847.083893155293,11.847083893155293,0.22599999999999554,52.42072519095366
unmarked47,570,buzz,1,24,0.9541301642708879,12374.469036850254,12.374469036850254,0.22599999999999554,54.75428777367477
unmarked47,571,buzz,1,24,0.9541301642708879,12921.181041152684,12.921181041152684,0.22599999999999554,57.17336743872982
unmarked47,572,buzz,1,24,0.9541301642708879,14347.364814284203,14.347364814284203,0.22599999999999554,63.483915107453484
unmarked47,573,buzz,2,24,0.9541301642708879,14412.479618170903,14.412479618170902,0.22599999999999554,63.77203370872206
unmarked47,574,buzz,1,24,0.9541301642708879,14277.21220313015,14.27721220313015,0.22599999999999554,63.17350532358598
unmarked47,575,buzz,1,24,0.9541301642708879,14277.21220313015,14.27721220313015,0.22599999999999554,63.17350532358598
unmarked47,576,buzz,2,24,0.9541301642708879,14204.213803348144,14.204213803348145,0.22599999999999554,62.85050355463905
unmarked47,577,buzz,1,24,0.9541301642708879,14207.774044643109,14.20777404464311,0.22599999999999554,62.86625683470527
unmarked47,578,buzz,2,24,0.9541301642708879,13778.376542210503,13.778376542210502,0.22599999999999554,60.96626788588838
unmarked47,579,buzz,2,24,0.9541301642708879,13512.51714075997,13.51251714075997,0.22599999999999554,59.789898852921404
unmarked47,580,buzz,2,24,0.9541301642708879,14629.52094976652,14.62952094976652,0.22599999999999554,64.73239358303898
unmarked47,581,buzz,1,24,0.9541301642708879,14210.51277986663,14.210512779866631,0.22599999999999554,62.878375132154474
unmarked47,582,buzz,2,24,0.9541301642708879,13718.157571022712,13.718157571022711,0.22599999999999554,60.699812261163636
unmarked47,583,buzz,2,24,0.9541301642708879,13150.927379189701,13.150927379189701,0.22599999999999554,58.18994415570779
unmarked47,584,buzz,1,24,0.9541301642708879,13649.318224626764,13.649318224626764,0.22599999999999554,60.39521338330546
unmarked47,585,buzz,1,24,0.9541301642708879,14035.735216375491,14.03573521637549,0.22599999999999554,62.10502308130871
unmarked47,592,buzz,1,24,0.9541301642708879,10545.57783519732,10.54557783519732,0.22599999999999554,46.66184882830765
unmarked47,593,buzz,2,24,0.9541301642708879,10602.450671899014,10.602450671899014,0.22599999999999554,46.91349854822665
unmarked47,594,buzz,1,24,0.9541301642708879,10606.380734045648,10.606380734045647,0.22599999999999554,46.930888203742725
unmarked47,595,buzz,1,24,0.9541301642708879,10639.989778256057,10.639989778256057,0.22599999999999554,47.07960078874454
unmarked47,596,buzz,1,24,0.9541301642708879,10926.220812843942,10.926220812843942,0.22599999999999554,48.34610979134583
unmarked47,597,buzz,1,24,0.9541301642708879,11048.577701805909,11.04857770180591,0.22599999999999554,48.88751195489437
unmarked47,602,buzz,2,24,0.9541301642708879,12177.606985750863,12.177606985750863,0.22599999999999554,53.88321675111108
unmarked47,603,buzz,2,24,0.9541301642708879,13028.095333405927,13.028095333405927,0.22599999999999554,57.64643952834595
unmarked47,604,buzz,2,24,0.9541301642708879,13855.291264664776,13.855291264664777,0.22599999999999554,61.306598516217036
unmarked47,614,buzz,2,24,0.9541301642708879,14064.944766398447,14.064944766398446,0.22599999999999554,62.234268877870456
unmarked47,615,buzz,1,24,0.9541301642708879,14107.861732013382,14.107861732013381,0.22599999999999554,62.42416695581265
unmarked47,616,buzz,2,24,0.9541301642708879,14000.121926342012,14.000121926342011,0.22599999999999554,61.94744215195703
unmarked47,617,flight,1,24,0.9541301642708879,13102.95428700826,13.102954287008261,0.22599999999999554,57.97767383632088
unmarked47,618,buzz,1,24,0.9541301642708879,11219.410891197955,11.219410891197954,0.22599999999999554,49.64341102300078
unmarked47,619,buzz,1,24,0.9541301642708879,10418.548379994887,10.418548379994887,0.22599999999999554,46.09977159289864
unmarked47,620,buzz,2,24,0.9541301642708879,10953.459320773549,10.953459320773549,0.22599999999999554,48.46663416271577
unmarked47,621,buzz,1,24,0.9541301642708879,11488.37026155221,11.48837026155221,0.22599999999999554,50.83349673253291
unmarked47,622,buzz,5,24,0.9541301642708879,12937.309810110346,12.937309810110346,0.22599999999999554,57.244733673055755
unmarked47,623,buzz,3,24,0.9541301642708879,13565.481860308806,13.565481860308806,0.22599999999999554,60.02425602
unmarked47,624,flight,1,24,0.9541301642708879,13425.352197950933,13.425352197950934,0.22599999999999554,59.40421326527079
unmarked47,625,flight,1,24,0.9541301642708879,12629.487420548316,12.629487420548315,0.22599999999999554,55.882687701542324
unmarked47,626,buzz,2,24,0.9541301642708879,11999.63957429453,11.99963957429453,0.22599999999999554,53.09575032873791
unmarked47,627,buzz,1,24,0.9541301642708879,11846.85146704728,11.84685146704728,0.22599999999999554,52.41969675684741
unmarked47,628,buzz,2,24,0.9541301642708879,12137.72873,12.13772873,0.22599999999999554,53.706764309218315
unmarked47,629,buzz,2,24,0.9541301642708879,13635.793429548228,13.635793429548228,0.22599999999999554,60.33536915729423
unmarked47,630,buzz,1,24,0.9541301642708879,12361.955810571873,12.361955810571873,0.22599999999999554,54.69891951580583
unmarked47,631,buzz,2,24,0.9541301642708879,12399.519533487151,12.399519533487151,0.22599999999999554,54.86513067914777
unmarked48,632,buzz,4,24,0.9541301642708879,7091.485429272394,7.091485429272394,0.11250000000000071,63.035426037976436
unmarked48,633,buzz,2,24,0.9541301642708879,6988.440516487334,6.988440516487334,0.11250000000000071,62.119471257664806
unmarked48,634,buzz,2,24,0.9541301642708879,6946.578055529948,6.946578055529948,0.11250000000000071,61.74736049359915
unmarked48,639,buzz,7,24,0.9541301642708879,7195.581902541927,7.195581902541927,0.11250000000000071,63.96072802
unmarked48,640,flight,1,24,0.9541301642708879,7546.649025965098,7.546649025965098,0.11250000000000071,67.08132467524489
unmarked48,641,flight,1,24,0.9541301642708879,6913.341694561705,6.913341694561705,0.11250000000000071,61.45192617388143
unmarked48,642,flight,1,24,0.9541301642708879,6897.5985468512345,6.897598546851235,0.11250000000000071,61.31198708
unmarked48,643,flight,2,24,0.9541301642708879,7493.347880120335,7.493347880120335,0.11250000000000071,66.60753671218033
unmarked48,644,flight,2,24,0.9541301642708879,7614.287313,7.614287313,0.11250000000000071,67.68255389609078
unmarked48,645,flight,1,24,0.9541301642708879,7811.438465849424,7.811438465849424,0.11250000000000071,69.43500858532778
unmarked48,646,flight,1,24,0.9541301642708879,6992.076897369402,6.992076897369402,0.11250000000000071,62.15179464328318
unmarked48,647,flight,1,24,0.9541301642708879,7229.675917484403,7.2296759174844025,0.11250000000000071,64.26378593319428
unmarked48,648,flight,2,24,0.9541301642708879,7660.8315,7.6608315,0.11250000000000071,68.09628000140127
unmarked48,649,flight,1,24,0.9541301642708879,7329.867599426226,7.329867599426226,0.11250000000000071,65.15437866156604
unmarked48,650,flight,2,24,0.9541301642708879,6113.3436252874635,6.113343625287463,0.11250000000000071,54.34083222477711
unmarked48,651,flight,1,24,0.9541301642708879,6004.592250815933,6.004592250815933,0.11250000000000071,53.374153340585735
unmarked48,652,flight,2,24,0.9541301642708879,6382.076866792787,6.3820768667927865,0.11250000000000071,56.729572149268854
unmarked5,672,buzz,2,22.5,1.0586737026540554,11929.919758719565,11.929919758719565,0.25500000000000256,46.78399905380175
unmarked5,734,buzz,3,22.5,1.0586737026540554,8998.369487786935,8.998369487786935,0.25500000000000256,35.287723481517034
unmarked5,739,flight,1,22.5,1.0586737026540554,9641.110619203306,9.641110619203305,0.25500000000000256,37.80827694
unmarked5,740,flight,1,22.5,1.0586737026540554,8278.282502593624,8.278282502593624,0.25500000000000256,32.46385295134722
unmarked50,741,buzz,1,23,1.0226113898709317,8245.975016353512,8.245975016353512,0.23650000000000126,34.86670197189627
unmarked50,742,buzz,1,23,1.0226113898709317,8245.975016353512,8.245975016353512,0.23650000000000126,34.86670197189627
unmarked50,747,flight,1,23,1.0226113898709317,11005.21942824596,11.00521942824596,0.23650000000000126,46.53369737101861
unmarked50,748,flight,3,23,1.0226113898709317,10389.212234502613,10.389212234502613,0.23650000000000126,43.92901579070849
unmarked50,749,flight,1,23,1.0226113898709317,10880.37453,10.88037453,0.23650000000000126,46.005811967358746
unmarked50,750,flight,2,23,1.0226113898709317,10602.235480960797,10.602235480960797,0.23650000000000126,44.829748333872054
unmarked50,751,flight,1,23,1.0226113898709317,10676.721881032157,10.676721881032158,0.23650000000000126,45.1447014
unmarked50,752,flight,2,23,1.0226113898709317,10182.013373476577,10.182013373476577,0.23650000000000126,43.05291067
unmarked50,753,flight,1,23,1.0226113898709317,10239.626685615072,10.239626685615072,0.23650000000000126,43.29651876
unmarked50,754,flight,1,23,1.0226113898709317,10676.275204377063,10.676275204377063,0.23650000000000126,45.14281270349685
unmarked50,755,flight,2,23,1.0226113898709317,11053.513273744004,11.053513273744004,0.23650000000000126,46.73789967756425
unmarked50,756,flight,1,23,1.0226113898709317,11180.657820203103,11.180657820203104,0.23650000000000126,47.27550875350124
unmarked50,757,flight,1,23,1.0226113898709317,11061.130092420317,11.061130092420317,0.23650000000000126,46.770106099028574
unmarked50,758,flight,1,23,1.0226113898709317,11028.211004646704,11.028211004646705,0.23650000000000126,46.63091333888645
unmarked50,759,flight,2,23,1.0226113898709317,11099.103743771784,11.099103743771785,0.23650000000000126,46.930671221022095
unmarked50,760,flight,1,23,1.0226113898709317,11008.812475625407,11.008812475625408,0.23650000000000126,46.54888996036089
unmarked50,761,flight,1,23,1.0226113898709317,10881.676519101984,10.881676519101983,0.23650000000000126,46.011317205504966
unmarked50,762,flight,1,23,1.0226113898709317,10876.428068404608,10.876428068404609,0.23650000000000126,45.98912502496639
unmarked50,763,flight,2,23,1.0226113898709317,8999.195183778349,8.999195184,0.23650000000000126,38.05156525910487
unmarked50,764,flight,2,23,1.0226113898709317,9153.860657006215,9.153860657006215,0.23650000000000126,38.70554189008949
unmarked50,765,flight,1,23,1.0226113898709317,8254.452055730984,8.254452055730985,0.23650000000000126,34.90254569019425
unmarked50,766,flight,1,23,1.0226113898709317,7985.865628,7.985865628448719,0.23650000000000126,33.76687369322908
unmarked50,767,flight,1,23,1.0226113898709317,7585.586897334321,7.585586897334322,0.23650000000000126,32.074363202259114
unmarked50,768,flight,2,23,1.0226113898709317,8371.295428615358,8.371295428615358,0.23650000000000126,35.396598006830075
unmarked50,769,flight,2,23,1.0226113898709317,8816.701387,8.816701386797929,0.23650000000000126,37.27992129724263
unmarked50,770,flight,2,23,1.0226113898709317,8024.701954768684,8.024701954768684,0.23650000000000126,33.93108649
unmarked50,771,flight,1,23,1.0226113898709317,8637.721487075383,8.637721487075384,0.23650000000000126,36.52313525190417
unmarked50,772,flight,2,23,1.0226113898709317,9605.525610461626,9.605525610461626,0.23650000000000126,40.61533027679313
unmarked501,773,buzz,1,24,0.9541301642708879,6617.241137554601,6.6172411375546005,0.1905000000000001,34.73617395041783
unmarked501,774,buzz,1,24,0.9541301642708879,6469.905884196151,6.469905884196152,0.1905000000000001,33.962760546961405
unmarked501,775,buzz,1,24,0.9541301642708879,6409.820872883424,6.409820872883424,0.1905000000000001,33.647353663430025
unmarked501,776,buzz,1,24,0.9541301642708879,6132.269751,6.132269751,0.1905000000000001,32.19039239488681
unmarked501,777,buzz,1,24,0.9541301642708879,6052.148006463524,6.052148006463525,0.1905000000000001,31.769805808207458
unmarked501,778,buzz,1,24,0.9541301642708879,5631.500259289351,5.631500259289351,0.1905000000000001,29.561681151125182
unmarked501,779,buzz,1,24,0.9541301642708879,5485.621390213646,5.485621390213646,0.1905000000000001,28.795912809520438
unmarked501,780,buzz,2,24,0.9541301642708879,5475.257819195369,5.475257819195369,0.1905000000000001,28.74151086191793
unmarked501,781,buzz,1,24,0.9541301642708879,5464.894248177093,5.464894248177092,0.1905000000000001,28.687108914315427
unmarked501,802,flight,1,24,0.9541301642708879,8279.406107694575,8.279406107694575,0.1905000000000001,43.461449384223464
unmarked501,803,flight,1,24,0.9541301642708879,7481.651007610503,7.481651007610504,0.1905000000000001,39.27375857013385
unmarked501,804,flight,1,24,0.9541301642708879,7427.317111275936,7.427317111275936,0.1905000000000001,38.988541266540324
unmarked501,805,flight,1,24,0.9541301642708879,7414.463833007008,7.414463833007009,0.1905000000000001,38.92106998953808
unmarked501,806,flight,2,24,0.9541301642708879,7799.814871,7.799814871,0.1905000000000001,40.94391008155488
unmarked501,807,flight,2,24,0.9541301642708879,7875.853701499679,7.875853701499679,0.1905000000000001,41.34306404986706
unmarked501,808,flight,1,24,0.9541301642708879,7951.773457018647,7.951773457018647,0.1905000000000001,41.74159295022909
unmarked501,809,flight,1,24,0.9541301642708879,7562.579946491895,7.562579946491895,0.1905000000000001,39.69858239628289
unmarked501,810,flight,1,24,0.9541301642708879,7549.008780687371,7.5490087806873705,0.1905000000000001,39.62734268077357
unmarked501,811,flight,1,24,0.9541301642708879,5559.531747606661,5.559531747606661,0.1905000000000001,29.183893688223925
unmarked501,816,flight,1,24,0.9541301642708879,5579.107063708909,5.579107063708909,0.1905000000000001,29.28665125306512
unmarked52,848,buzz,1,23.5,0.9877774918486618,13225.805635563995,13.225805635563995,0.23800000000000132,55.570611914134126
unmarked52,858,flight,1,23.5,0.9877774918486618,13554.786509668182,13.554786509668181,0.23800000000000132,56.952884494403804
unmarked52,860,flight,1,23.5,0.9877774918486618,12681.640595748557,12.681640595748556,0.23800000000000132,53.28420418381717
unmarked52,861,buzz,1,23.5,0.9877774918486618,9564.115264,9.564115264,0.23800000000000132,40.185358250012385
unmarked56,862,buzz,1,23.5,0.9877774918486618,6867.374845454045,6.867374845454044,0.1720000000000006,39.926597938686164
unmarked56,863,buzz,1,23.5,0.9877774918486618,6647.880808990353,6.647880808990354,0.1720000000000006,38.650469819711226
unmarked56,864,buzz,2,23.5,0.9877774918486618,6660.472601345441,6.660472601345441,0.1720000000000006,38.72367791479894
unmarked56,865,buzz,2,23.5,0.9877774918486618,7241.6087697922885,7.241608769792289,0.1720000000000006,42.10237656855967
unmarked56,868,buzz,1,23.5,0.9877774918486618,7993.744631407015,7.993744631407015,0.1720000000000006,46.475259484924344
unmarked56,869,buzz,1,23.5,0.9877774918486618,8220.411118,8.220411118,0.1720000000000006,47.79308789415402
unmarked56,870,buzz,1,23.5,0.9877774918486618,8220.411118,8.220411118,0.1720000000000006,47.79308789415402
unmarked56,871,buzz,1,23.5,0.9877774918486618,8260.411364882428,8.260411364882428,0.1720000000000006,48.025647470246504
unmarked56,872,buzz,7,23.5,0.9877774918486618,9783.354792040365,9.783354792040365,0.1720000000000006,56.87996972116471
unmarked56,877,flight,1,23.5,0.9877774918486618,8620.163483412678,8.620163483412679,0.1720000000000006,50.11722955
unmarked56,878,flight,1,23.5,0.9877774918486618,8597.19173,8.59719173,0.1720000000000006,49.98367284919895
unmarked56,879,flight,2,23.5,0.9877774918486618,9393.547624,9.393547624,0.1720000000000006,54.613648977965276
unmarked56,880,flight,1,23.5,0.9877774918486618,9311.265956694564,9.311265956694564,0.1720000000000006,54.135267190084484
unmarked56,881,flight,1,23.5,0.9877774918486618,9161.609369348562,9.161609369348561,0.1720000000000006,53.265170752026336
unmarked56,882,flight,1,23.5,0.9877774918486618,9000.824875890385,9.000824875890384,0.1720000000000006,52.33037718540903
unmarked56,883,flight,2,23.5,0.9877774918486618,8049.484322605538,8.049484322605538,0.1720000000000006,46.79932745700878
unmarked56,884,flight,1,23.5,0.9877774918486618,8071.695684842748,8.071695684842748,0.1720000000000006,46.92846328
unmarked56,885,flight,2,23.5,0.9877774918486618,8385.737214604713,8.385737214604713,0.1720000000000006,48.75428613142258
unmarked56,886,flight,1,23.5,0.9877774918486618,8509.445085,8.509445085,0.1720000000000006,49.47351793485652
unmarked56,887,flight,1,23.5,0.9877774918486618,8773.171007122031,8.773171007,0.1720000000000006,51.00680818094186
unmarked56,888,flight,1,23.5,0.9877774918486618,9050.23074,9.05023074,0.1720000000000006,52.61762058288168
unmarked56,889,flight,2,23.5,0.9877774918486618,9157.645023162771,9.157645023162772,0.1720000000000006,53.24212222769035
unmarked56,890,flight,3,23.5,0.9877774918486618,9230.440470757552,9.230440470757552,0.1720000000000006,53.66535157417162
unmarked56,891,flight,2,23.5,0.9877774918486618,8813.456326794088,8.813456326794089,0.1720000000000006,51.24102515577941
unmarked56,892,flight,1,23.5,0.9877774918486618,8625.638536494498,8.625638536494499,0.1720000000000006,50.149061258688775
unmarked56,893,flight,2,23.5,0.9877774918486618,8885.656144561279,8.885656145,0.1720000000000006,51.660791538146796
unmarked56,894,flight,2,23.5,0.9877774918486618,9147.904549315655,9.147904549315655,0.1720000000000006,53.18549157
unmarked56,895,flight,2,23.5,0.9877774918486618,8536.998743,8.536998743,0.1720000000000006,49.63371362104326
unmarked56,896,flight,1,23.5,0.9877774918486618,8353.625951233198,8.353625951233198,0.1720000000000006,48.56759273972773
unmarked56,897,flight,1,23.5,0.9877774918486618,9721.919829823764,9.721919829823765,0.1720000000000006,56.52278970827751
unmarked56,898,flight,1,23.5,0.9877774918486618,9164.782505763375,9.164782505763375,0.1720000000000006,53.28361921955432
unmarked56,899,flight,1,23.5,0.9877774918486618,8994.336363101931,8.994336363101931,0.1720000000000006,52.29265327384826
unmarked57,900,buzz,2,24,0.9541301642708879,6794.5387496356125,6.794538749635612,0.27550000000000274,24.66257259395842
unmarked57,901,buzz,1,24,0.9541301642708879,6764.469909986716,6.764469909986715,0.27550000000000274,24.55342980031451
unmarked57,902,flight,1,24,0.9541301642708879,9915.043587703361,9.915043587703362,0.27550000000000274,35.98926892088299
unmarked57,903,flight,1,24,0.9541301642708879,9645.918198700527,9.645918198700526,0.27550000000000274,35.01240725
unmarked57,904,flight,1,24,0.9541301642708879,7938.584706583966,7.938584706583966,0.27550000000000274,28.815189497582168
unmarked57,905,flight,1,24,0.9541301642708879,8760.651806557791,8.760651807,0.27550000000000274,31.799099116361898
unmarked57,906,flight,1,24,0.9541301642708879,6698.182670954157,6.698182670954157,0.27550000000000274,24.31282276208381
unmarked57,907,flight,1,24,0.9541301642708879,8271.363935365971,8.271363935,0.27550000000000274,30.02309958390522
unmarked57,908,flight,1,24,0.9541301642708879,8339.897578457285,8.339897578457284,0.27550000000000274,30.271860538864615
unmarked57,909,flight,1,24,0.9541301642708879,8282.510083944984,8.282510083944985,0.27550000000000274,30.063557473484217
unmarked57,910,flight,1,24,0.9541301642708879,8129.2874658209175,8.129287465820918,0.27550000000000274,29.507395520220822
unmarked57,911,flight,2,24,0.9541301642708879,8459.882118178808,8.459882118178808,0.27550000000000274,30.707376109541645
unmarked57,912,flight,2,24,0.9541301642708879,8062.1420821186175,8.062142082118617,0.27550000000000274,29.263673619305035
unmarked57,913,flight,1,24,0.9541301642708879,8432.617276,8.432617276,0.27550000000000274,30.60841116608561
unmarked57,914,flight,2,24,0.9541301642708879,9113.284575797947,9.113284575797946,0.27550000000000274,33.07907287040964
unmarked57,915,flight,2,24,0.9541301642708879,9463.270778788445,9.463270778788445,0.27550000000000274,34.349440213387844
unmarked57,916,flight,2,24,0.9541301642708879,8292.536465363206,8.292536465363206,0.27550000000000274,30.099950872461427
unmarked59,917,buzz,2,23.5,0.9877774918486618,12129.82719481373,12.12982719481373,0.22850000000000037,53.08458290946919
unmarked59,918,buzz,1,23.5,0.9877774918486618,11206.904999969369,11.20690499996937,0.22850000000000037,49.045536104898694
unmarked59,919,buzz,1,23.5,0.9877774918486618,8172.683684943372,8.172683684943372,0.22850000000000037,35.76666821
unmarked59,920,buzz,2,23.5,0.9877774918486618,9638.063447430764,9.638063447430765,0.22850000000000037,42.17970874149125
unmarked59,921,buzz,2,23.5,0.9877774918486618,9809.891095692312,9.809891095692311,0.22850000000000037,42.9316897
unmarked59,924,buzz,2,23.5,0.9877774918486618,7749.841625342249,7.749841625342249,0.22850000000000037,33.91615590959403
unmarked59,925,buzz,1,23.5,0.9877774918486618,7674.239309226636,7.674239309226635,0.22850000000000037,33.58529238173577
unmarked59,926,buzz,3,23.5,0.9877774918486618,7657.6683540233835,7.657668354023383,0.22850000000000037,33.51277179003663
unmarked59,927,buzz,2,23.5,0.9877774918486618,8381.907996379812,8.381907996379812,0.22850000000000037,36.682310706257326
unmarked59,928,buzz,3,23.5,0.9877774918486618,8779.507402176743,8.779507402176744,0.22850000000000037,38.422351869482405
unmarked59,946,flight,2,23.5,0.9877774918486618,14305.690217639574,14.305690217639574,0.22850000000000037,62.60695937697834
unmarked59,947,flight,2,23.5,0.9877774918486618,13652.192433472368,13.652192433472369,0.22850000000000037,59.74701283795338
unmarked59,948,flight,2,23.5,0.9877774918486618,13298.390093886515,13.298390093886516,0.22850000000000037,58.19864374
unmarked59,950,buzz,2,23.5,0.9877774918486618,13601.051834275888,13.601051834275887,0.22850000000000037,59.52320277582436
unmarked59,951,buzz,2,23.5,0.9877774918486618,13269.499972915923,13.269499972915922,0.22850000000000037,58.07220994711554
unmarked59,952,buzz,3,23.5,0.9877774918486618,11303.635283969132,11.303635283969133,0.22850000000000037,49.468863387173364
unmarked59,953,buzz,1,23.5,0.9877774918486618,11178.113261636965,11.178113261636964,0.22850000000000037,48.919532873684666
unmarked59,954,buzz,1,23.5,0.9877774918486618,11129.19219846467,11.12919219846467,0.22850000000000037,48.705436317131955
unmarked59,955,buzz,2,23.5,0.9877774918486618,11106.560043015937,11.106560043015937,0.22850000000000037,48.60638968
unmarked59,962,buzz,2,23.5,0.9877774918486618,14751.301931316297,14.751301931316297,0.22850000000000037,64.55712004952417
unmarked59,963,buzz,2,23.5,0.9877774918486618,11966.940513297406,11.966940513297406,0.22850000000000037,52.371730911585935
unmarked59,964,buzz,2,23.5,0.9877774918486618,11045.85084325592,11.04585084325592,0.22850000000000037,48.34070391
unmarked59,965,buzz,2,23.5,0.9877774918486618,11292.133405298546,11.292133405298546,0.22850000000000037,49.41852693784914
unmarked59,970,buzz,1,23.5,0.9877774918486618,13228.27112818365,13.22827112818365,0.22850000000000037,57.89177736623032
unmarked59,971,buzz,1,23.5,0.9877774918486618,13530.316495418112,13.530316495418113,0.22850000000000037,59.213638929619655
