BeeID,bout_index,event_type,dt_sec,Temperature,q10,H2O_ppm_mean,P_H2O,STPD_factor,CO2_rate_mL_h_STPD,weight_g
green3,0,buzz,2,23.5,0.9877774918486618,-503.6677666666667,-0.3827875026666667,0.9212458346551998,5.590132743896054,0.180999999999999
green3,1,buzz,1,23.5,0.9877774918486618,-505.0115,-0.38380874000000004,0.9212470719407551,5.635173148468231,0.180999999999999
green3,2,buzz,2,23.5,0.9877774918486618,-500.73026666666664,-0.38055500266666664,0.9212431298578796,5.6812049243033105,0.180999999999999
green3,3,buzz,1,23.5,0.9877774918486618,-497.33445,-0.37797418200000005,0.9212400030507922,5.727241374457978,0.180999999999999
green3,4,buzz,2,23.5,0.9877774918486618,-494.93890000000005,-0.37615356400000005,0.9212377972713129,6.111753044370711,0.180999999999999
green3,5,buzz,3,23.5,0.9877774918486618,-434.72499999999997,-0.330391,0.9211823533920444,7.777437476637152,0.180999999999999
green3,19,flight,2,23.5,0.9877774918486618,91.21188333333333,0.06932103133333334,0.9206980801418085,11.307715019578714,0.180999999999999
green3,20,flight,1,23.5,0.9877774918486618,136.17265,0.103491214,0.9206566810741699,10.273556399367259,0.180999999999999
green3,21,flight,1,23.5,0.9877774918486618,191.45430000000002,0.14550526800000002,0.9206057787222484,10.325358424298864,0.180999999999999
green4,22,buzz,2,23.5,0.9877774918486618,-467.37323333333336,-0.35520365733333337,0.9212124152997977,9.829672904729339,0.21649999999999636
green4,23,buzz,1,23.5,0.9877774918486618,-392.67435000000006,-0.29843250600000004,0.9211436339076436,9.571594766402468,0.21649999999999636
green4,24,buzz,2,23.5,0.9877774918486618,-398.1322,-0.302580472,0.9211486593980447,9.421159747679798,0.21649999999999636
green4,25,buzz,1,23.5,0.9877774918486618,-398.85775,-0.30313189,0.921149327471473,9.431057272980995,0.21649999999999636
green4,26,buzz,1,23.5,0.9877774918486618,-112.78655,-0.08571777800000001,0.9208859182407971,9.70303420437067,0.21649999999999636
green4,27,buzz,1,23.5,0.9877774918486618,252.39615,0.191821074,0.9205496645596746,11.447334114186626,0.21649999999999636
green4,28,buzz,2,23.5,0.9877774918486618,201.01406666666668,0.15277069066666668,0.9205969762605426,10.4244674151585,0.21649999999999636
green4,29,buzz,1,23.5,0.9877774918486618,282.23875000000004,0.21450145,0.9205221860287798,11.177500823722449,0.21649999999999636
green4,30,buzz,2,23.5,0.9877774918486618,271.35693333333336,0.20623126933333336,0.9205322058104163,11.087939741482476,0.21649999999999636
green4,31,buzz,1,23.5,0.9877774918486618,263.2199,0.20004712400000002,0.9205396982447833,10.612305577065081,0.21649999999999636
green4,32,buzz,1,23.5,0.9877774918486618,335.38534999999996,0.254892866,0.9204732495926091,10.85290871699728,0.21649999999999636
green4,36,buzz,1,23.5,0.9877774918486618,359.15585,0.27295844599999997,0.9204513621424996,11.080952148138664,0.21649999999999636
green4,37,buzz,1,23.5,0.9877774918486618,436.94675,0.33207953,0.9203797336768498,12.850159063861081,0.21649999999999636
green4,38,buzz,2,23.5,0.9877774918486618,438.3567,0.333151092,0.9203784354201753,12.944573995993144,0.21649999999999636
green4,39,buzz,1,23.5,0.9877774918486618,444.7146,0.337983096,0.9203725811798752,13.03892411706812,0.21649999999999636
green4,40,buzz,1,23.5,0.9877774918486618,444.7146,0.337983096,0.9203725811798752,13.03892411706812,0.21649999999999636
green4,41,buzz,1,23.5,0.9877774918486618,467.32635,0.355168026,0.9203517606859851,13.345448059634732,0.21649999999999636
green4,42,buzz,2,23.5,0.9877774918486618,591.1111666666667,0.44924448666666666,0.9202377818467048,14.279123299804485,0.21649999999999636
green4,43,buzz,1,23.5,0.9877774918486618,601.47955,0.457124458,0.9202282348252739,14.380551576700727,0.21649999999999636
green4,44,buzz,1,23.5,0.9877774918486618,601.47955,0.457124458,0.9202282348252739,14.380551576700727,0.21649999999999636
green4,45,buzz,1,23.5,0.9877774918486618,744.9411,0.566155236,0.9200961380028148,15.164402449810687,0.21649999999999636
green4,46,buzz,1,23.5,0.9877774918486618,798.8033999999999,0.6070905839999999,0.9200465425629192,15.344885451101545,0.21649999999999636
green4,47,buzz,1,23.5,0.9877774918486618,787.73145,0.598675902,0.9200567374159194,14.657959216023103,0.21649999999999636
green4,101,flight,2,23.5,0.9877774918486618,549.7538,0.417812888,0.9202758629682454,13.514037548512881,0.21649999999999636
green4,106,flight,1,23.5,0.9877774918486618,527.2597,0.400717372,0.9202965751321254,13.60710498433589,0.21649999999999636
green4,107,flight,1,23.5,0.9877774918486618,609.62675,0.46331633,0.9202207330296224,13.953648461513387,0.21649999999999636
green4,108,flight,1,23.5,0.9877774918486618,481.23095000000006,0.36573552200000004,0.9203389575796644,13.003559438452697,0.21649999999999636
green5,109,buzz,1,24.0,0.9541301642708879,-417.14564999999993,-0.31703069399999995,0.9196161646787734,10.882362240499415,0.2665000000000042
green5,111,buzz,2,24.0,0.9541301642708879,-260.73743333333334,-0.19816044933333332,0.919472389129783,11.177706908652913,0.2665000000000042
green5,112,buzz,2,24.0,0.9541301642708879,-328.1806,-0.249417256,0.9195343850946996,9.660055635660742,0.2665000000000042
green5,121,flight,1,24.0,0.9541301642708879,-86.60987,-0.06582350120000001,0.9193123253777234,14.210052941894817,0.2665000000000042
green5,122,flight,3,24.0,0.9541301642708879,-80.666915,-0.061306855400000006,0.9193068624190889,14.211062115669845,0.2665000000000042
green5,123,flight,2,24.0,0.9541301642708879,-83.90883666666669,-0.06377071586666669,0.9193098424995305,14.254414576378498,0.2665000000000042
green5,125,flight,1,24.0,0.9541301642708879,-99.63439,-0.0757221364,0.9193242979425492,14.611516438212254,0.2665000000000042
green5,126,flight,1,24.0,0.9541301642708879,-148.62924999999998,-0.11295822999999998,0.9193693356205199,14.53853393852683,0.2665000000000042
green5,127,flight,1,24.0,0.9541301642708879,-157.05615,-0.119362674,0.9193770819026501,14.389303793517403,0.2665000000000042
green5,128,flight,1,24.0,0.9541301642708879,-188.0926,-0.14295037600000002,0.9194056116227158,14.307502388737301,0.2665000000000042
green5,129,flight,2,24.0,0.9541301642708879,-106.21817666666666,-0.08072581426666667,0.9193303499746138,14.590523401056554,0.2665000000000042
green5,130,flight,1,24.0,0.9541301642708879,-94.34536,-0.0717024736,0.919319436093165,14.663371381155741,0.2665000000000042
green5,131,flight,2,24.0,0.9541301642708879,-87.36858666666666,-0.06640012586666666,0.9193130228149016,14.757671741512434,0.2665000000000042
green5,132,flight,1,24.0,0.9541301642708879,-83.829315,-0.06371027939999999,0.9193097694006134,14.911885667356632,0.2665000000000042
green5,133,flight,2,24.0,0.9541301642708879,-87.30580333333334,-0.06635241053333334,0.9193129651024079,15.059957171748977,0.2665000000000042
green5,140,flight,3,24.0,0.9541301642708879,181.968575,0.138296117,0.9190654392856765,15.379807022422785,0.2665000000000042
green5,141,flight,2,24.0,0.9541301642708879,219.81056666666666,0.16705603066666666,0.9190306536890964,16.22848629143122,0.2665000000000042
green5,142,flight,1,24.0,0.9541301642708879,183.5996,0.13953569600000001,0.9190639399941444,15.066269573824648,0.2665000000000042
green5,143,flight,2,24.0,0.9541301642708879,175.00310000000002,0.13300235600000002,0.9190718421781423,14.940448108263015,0.2665000000000042
green5,146,flight,1,24.0,0.9541301642708879,154.24530000000001,0.11722642800000001,0.9190909234269057,6.445203547489494,0.2665000000000042
red31,147,buzz,1,23.5,0.9877774918486618,-387.99705000000006,-0.29487775800000005,0.9211393271336844,9.631039834303227,0.2190000000000012
red31,148,buzz,2,23.5,0.9877774918486618,-393.02046666666666,-0.2986955546666667,0.9211439526056632,9.613346525496103,0.2190000000000012
red31,149,buzz,2,23.5,0.9877774918486618,-400.17616666666663,-0.30413388666666663,0.9211505414458959,9.599784382044836,0.2190000000000012
red31,150,buzz,2,23.5,0.9877774918486618,-309.18416666666667,-0.23497996666666668,0.9210667576441092,10.346817360436889,0.2190000000000012
red31,151,buzz,1,23.5,0.9877774918486618,-53.629580000000004,-0.0407584808,0.9208314475637182,12.51630672088703,0.2190000000000012
red31,152,buzz,2,23.5,0.9877774918486618,288.2549333333333,0.21907374933333332,0.920516646435058,14.097974376289995,0.2190000000000012
red31,153,buzz,1,23.5,0.9877774918486618,328.82095,0.24990392199999997,0.9204792939744058,14.913344900886333,0.2190000000000012
red31,154,buzz,2,23.5,0.9877774918486618,109.13858666666667,0.08294532586666667,0.9206815735548692,12.060083684060453,0.2190000000000012
red31,155,buzz,1,23.5,0.9877774918486618,77.91683,0.05921679080000001,0.9207103219884898,11.924041176597717,0.2190000000000012
red31,156,buzz,1,23.5,0.9877774918486618,68.70329,0.05221450039999999,0.9207188056508898,12.191541489185354,0.2190000000000012
red31,157,buzz,2,23.5,0.9877774918486618,418.4376000000001,0.3180125760000001,0.9203967765702342,13.139237448885023,0.2190000000000012
red31,158,flight,1,23.5,0.9877774918486618,318.65285,0.24217616600000003,0.9204886565785352,12.76292765011944,0.2190000000000012
red31,159,buzz,2,23.5,0.9877774918486618,247.8099,0.188335524,0.9205538874964267,12.885849209856817,0.2190000000000012
red31,160,flight,1,23.5,0.9877774918486618,186.04235,0.141392186,0.9206107619487527,11.048434053713665,0.2190000000000012
unmarked3,161,buzz,1,22.0,1.0960077501510197,75.19886,0.0571511336,0.9253920360202982,11.466802719214336,0.1965
unmarked3,162,buzz,1,22.0,1.0960077501510197,75.19886,0.0571511336,0.9253920360202982,11.466802719214336,0.1965
unmarked3,163,buzz,1,22.0,1.0960077501510197,83.66703999999999,0.0635869504,0.925384199044635,11.511591294572225,0.1965
unmarked3,164,buzz,2,22.0,1.0960077501510197,90.53129333333334,0.06880378293333334,0.9253778464415586,11.503908652459005,0.1965
unmarked3,165,buzz,1,22.0,1.0960077501510197,116.88400000000001,0.08883184000000001,0.9253534580227003,11.204680746593882,0.1965
unmarked3,166,buzz,1,22.0,1.0960077501510197,114.94440000000002,0.08735774400000001,0.9253552530480773,10.941533086891912,0.1965
unmarked3,167,buzz,2,22.0,1.0960077501510197,116.23580000000001,0.08833920800000002,0.9253540579069287,10.971947246013258,0.1965
unmarked3,168,buzz,1,22.0,1.0960077501510197,133.15815,0.101200194,0.9253383969213197,10.805221752277053,0.1965
unmarked3,169,buzz,1,22.0,1.0960077501510197,545.5659,0.414630084,0.9249567293729121,13.867980262763568,0.1965
unmarked3,170,buzz,2,22.0,1.0960077501510197,554.6698666666667,0.42154909866666673,0.9249483040010842,13.897509183875746,0.1965
unmarked3,171,buzz,1,22.0,1.0960077501510197,463.74395,0.35244540199999996,0.9250324524481027,14.025062038395024,0.1965
unmarked3,177,flight,2,22.0,1.0960077501510197,542.0708333333333,0.4119738333333333,0.9249599639230053,11.20031208289929,0.1965
unmarked3,178,flight,1,22.0,1.0960077501510197,231.60350000000003,0.17601866000000002,0.9252472895272743,10.511791840317484,0.1965
unmarked3,179,flight,1,22.0,1.0960077501510197,418.95630000000006,0.31840678800000005,0.9250739016996613,7.985404687681349,0.1965
unmarked303,180,buzz,1,22.5,1.0586737026540554,-339.9305,-0.25834718,0.9242105598378996,9.773035238635897,0.2240000000000002
unmarked303,181,buzz,2,22.5,1.0586737026540554,-163.82326666666665,-0.12450568266666664,0.9240478549815323,10.671947696733374,0.2240000000000002
unmarked303,182,buzz,3,22.5,1.0586737026540554,-216.43207499999997,-0.16448837699999996,0.9240964600753805,9.768655426525802,0.2240000000000002
unmarked303,183,buzz,1,22.5,1.0586737026540554,-308.1374,-0.23418442400000003,0.9241811863041096,8.661734861859482,0.2240000000000002
unmarked303,184,buzz,1,22.5,1.0586737026540554,-409.99935,-0.31159950599999997,0.9242752962031202,7.712230070960535,0.2240000000000002
unmarked303,185,buzz,4,22.5,1.0586737026540554,-475.27708,-0.3612105808,0.9243356060693456,7.739159383205096,0.2240000000000002
unmarked303,186,buzz,2,22.5,1.0586737026540554,-202.30083333333332,-0.15374863333333333,0.9240834042706748,9.887645345019491,0.2240000000000002
unmarked303,187,buzz,1,22.5,1.0586737026540554,-192.3193,-0.146162668,0.924074182366971,9.812707253852434,0.2240000000000002
unmarked303,188,buzz,2,22.5,1.0586737026540554,-128.4828757,-0.097646985532,0.9240152041180364,9.932405090457564,0.2240000000000002
unmarked303,189,buzz,1,22.5,1.0586737026540554,-79.17791355,-0.060175214298000004,0.923969651436111,10.052233629000117,0.2240000000000002
unmarked303,190,buzz,1,22.5,1.0586737026540554,-134.74495,-0.10240616199999998,0.9240209896265601,9.815815485487756,0.2240000000000002
unmarked303,191,buzz,2,22.5,1.0586737026540554,-51.51847333333333,-0.03915403973333333,0.9239440969761239,9.821969190240916,0.2240000000000002
unmarked303,192,buzz,1,22.5,1.0586737026540554,5.911589999999995,0.004492808399999997,0.9238910375416591,9.978026789827334,0.2240000000000002
unmarked303,193,buzz,1,22.5,1.0586737026540554,-53.37581,-0.0405656156,0.9239458129629681,10.21705590409802,0.2240000000000002
unmarked303,194,buzz,2,22.5,1.0586737026540554,-15.737613333333332,-0.011960586133333333,0.9239110391648301,10.604380270796817,0.2240000000000002
unmarked303,195,buzz,1,22.5,1.0586737026540554,278.9931,0.21203475600000002,0.9236387384905631,12.022937407269053,0.2240000000000002
unmarked303,196,buzz,1,22.5,1.0586737026540554,278.9931,0.21203475600000002,0.9236387384905631,12.022937407269053,0.2240000000000002
unmarked303,197,buzz,1,22.5,1.0586737026540554,278.9931,0.21203475600000002,0.9236387384905631,12.022937407269053,0.2240000000000002
unmarked303,198,buzz,1,22.5,1.0586737026540554,344.9464,0.262159264,0.9235778044675799,12.586813197681764,0.2240000000000002
unmarked303,199,buzz,2,22.5,1.0586737026540554,367.0228666666667,0.2789373786666667,0.923557408097311,12.308634998300871,0.2240000000000002
unmarked303,200,buzz,2,22.5,1.0586737026540554,426.0785333333333,0.32381968533333333,0.9235028467736175,12.570058692132394,0.2240000000000002
unmarked303,201,buzz,2,22.5,1.0586737026540554,466.9419333333333,0.35487586933333326,0.9234650932214105,12.562948625375652,0.2240000000000002
unmarked303,202,buzz,2,22.5,1.0586737026540554,473.1011333333333,0.3595568613333333,0.9234594027580924,12.268483987773601,0.2240000000000002
unmarked303,203,buzz,2,22.5,1.0586737026540554,337.8829666666667,0.25679105466666663,0.9235843303489092,10.657528075305429,0.2240000000000002
unmarked303,204,flight,1,22.5,1.0586737026540554,341.33675,0.25941593,0.9235811394105784,10.081102838126768,0.2240000000000002
unmarked303,205,buzz,1,22.5,1.0586737026540554,347.7636,0.264300336,0.9235752016663623,9.83318638811427,0.2240000000000002
unmarked303,206,buzz,2,22.5,1.0586737026540554,363.4743,0.276240468,0.9235606866056317,9.94963139872469,0.2240000000000002
unmarked303,207,buzz,2,22.5,1.0586737026540554,398.1250666666666,0.3025750506666666,0.9235286728836125,10.332803049766333,0.2240000000000002
unmarked303,208,buzz,2,22.5,1.0586737026540554,429.23403333333334,0.32621786533333336,0.9234999314182142,10.847241478911316,0.2240000000000002
unmarked303,209,buzz,1,22.5,1.0586737026540554,478.9184000000001,0.3639779840000001,0.9234540282057838,11.078407437774745,0.2240000000000002
unmarked303,211,buzz,2,22.5,1.0586737026540554,419.7205333333334,0.31898760533333337,0.9235087209075596,10.01840437303588,0.2240000000000002
unmarked303,212,buzz,1,22.5,1.0586737026540554,436.6438,0.331849288,0.9234930855607306,9.7978888537445,0.2240000000000002
unmarked303,213,buzz,1,22.5,1.0586737026540554,399.15815,0.30336019399999997,0.9235277184215372,9.40814233897362,0.2240000000000002
unmarked303,214,buzz,2,22.5,1.0586737026540554,338.94509999999997,0.25759827599999996,0.9235833490476408,9.05047380731096,0.2240000000000002
unmarked303,215,buzz,2,22.5,1.0586737026540554,534.7473333333332,0.4064079733333333,0.9234024480497209,11.513377628564152,0.2240000000000002
unmarked303,216,buzz,2,22.5,1.0586737026540554,126.23232666666667,0.09593656826666666,0.923779873634267,7.900875733425986,0.2240000000000002
unmarked303,217,buzz,2,22.5,1.0586737026540554,169.84156000000002,0.12907958560000002,0.9237395832162556,8.40442232267939,0.2240000000000002
unmarked303,218,buzz,2,22.5,1.0586737026540554,269.90990000000005,0.20513152400000007,0.9236471304272451,9.132206618430965,0.2240000000000002
unmarked303,219,buzz,2,22.5,1.0586737026540554,435.3585000000001,0.3308724600000001,0.9234942730449011,9.770476380462327,0.2240000000000002
unmarked303,220,buzz,1,22.5,1.0586737026540554,457.21520000000004,0.34748355200000003,0.9234740797162861,9.769896702028165,0.2240000000000002
unmarked303,221,buzz,2,22.5,1.0586737026540554,447.2632333333334,0.33992005733333336,0.92348327430345,9.727101749501022,0.2240000000000002
unmarked303,223,buzz,2,22.5,1.0586737026540554,500.6242666666666,0.3804744426666666,0.9234339742315575,9.565292374313438,0.2240000000000002
unmarked303,224,buzz,2,22.5,1.0586737026540554,459.64876666666663,0.34933306266666664,0.9234718313525622,9.041777590406033,0.2240000000000002
unmarked303,225,buzz,1,22.5,1.0586737026540554,380.32085,0.289043846,0.9235451221370623,8.631109947159368,0.2240000000000002
unmarked303,226,buzz,2,22.5,1.0586737026540554,379.7813333333333,0.2886338133333333,0.923545620594622,8.80931004879854,0.2240000000000002
unmarked303,227,buzz,1,22.5,1.0586737026540554,242.50285,0.184302166,0.9236724517047946,7.879844781650834,0.2240000000000002
unmarked303,228,buzz,2,22.5,1.0586737026540554,165.58516666666665,0.12584472666666666,0.9237435156831558,8.57174971952427,0.2240000000000002
unmarked303,229,flight,1,22.5,1.0586737026540554,309.9802,0.23558495200000001,0.9236101096173517,8.623687979307224,0.2240000000000002
unmarked34,230,buzz,1,23.5,0.9877774918486618,22.074431500000003,0.01677656794,0.9207617406675738,8.897561254726071,0.1659999999999986
unmarked34,231,flight,2,23.5,0.9877774918486618,106.89974,0.0812438024,0.9206836350447294,9.103153204366832,0.1659999999999986
unmarked34,232,buzz,4,23.5,0.9877774918486618,150.07276,0.11405529759999998,0.9206438821021607,9.57347982453305,0.1659999999999986
unmarked34,233,buzz,1,23.5,0.9877774918486618,211.96915,0.161096554,0.9205868890162734,8.831807147536466,0.1659999999999986
unmarked38,234,buzz,2,23.5,0.9877774918486618,-390.6806666666667,-0.2969173066666667,0.9211417981597843,5.982189358314821,0.1680000000000028
unmarked38,235,buzz,2,23.5,0.9877774918486618,-395.44000000000005,-0.30053440000000003,0.9211461804685656,6.018720501723224,0.1680000000000028
unmarked38,236,buzz,1,23.5,0.9877774918486618,-334.96885000000003,-0.254576326,0.9210904997181105,6.975697871967788,0.1680000000000028
unmarked38,237,buzz,3,23.5,0.9877774918486618,-322.566625,-0.24515063499999998,0.9210790799717469,7.012452957907105,0.1680000000000028
unmarked38,238,buzz,2,23.5,0.9877774918486618,-309.00239999999997,-0.23484182399999998,0.9210665902766223,7.070008453525021,0.1680000000000028
unmarked38,239,buzz,1,23.5,0.9877774918486618,-307.68424999999996,-0.23384002999999995,0.9210653765477415,7.095584747734475,0.1680000000000028
unmarked38,240,buzz,2,23.5,0.9877774918486618,-266.99753333333337,-0.20291812533333337,0.9210279129486937,7.440876703711376,0.1680000000000028
unmarked38,241,buzz,1,23.5,0.9877774918486618,-125.6722,-0.095510872,0.9208977831162313,8.750032586651939,0.1680000000000028
unmarked38,242,buzz,2,23.5,0.9877774918486618,-114.19742000000002,-0.08679003920000002,0.9208872173445911,8.817811820294633,0.1680000000000028
unmarked38,243,buzz,2,23.5,0.9877774918486618,-99.16482999999998,-0.07536527079999998,0.9208733756053075,8.84700845768456,0.1680000000000028
unmarked38,244,buzz,1,23.5,0.9877774918486618,-94.01217,-0.0714492492,0.9208686311283852,8.598282057333984,0.1680000000000028
unmarked38,245,buzz,1,23.5,0.9877774918486618,-94.01217,-0.0714492492,0.9208686311283852,8.598282057333984,0.1680000000000028
unmarked38,246,buzz,1,23.5,0.9877774918486618,-93.875825,-0.071345627,0.9208685055843544,8.377235057876293,0.1680000000000028
unmarked38,247,buzz,1,23.5,0.9877774918486618,-93.875825,-0.071345627,0.9208685055843544,8.377235057876293,0.1680000000000028
unmarked38,248,buzz,1,23.5,0.9877774918486618,-93.875825,-0.071345627,0.9208685055843544,8.377235057876293,0.1680000000000028
unmarked38,249,buzz,2,23.5,0.9877774918486618,-94.48468666666666,-0.07180836186666666,0.9208690662132581,8.30185100764446,0.1680000000000028
unmarked38,250,buzz,1,23.5,0.9877774918486618,-94.833225,-0.072073251,0.9208693871411047,8.226464724280522,0.1680000000000028
unmarked38,251,buzz,1,23.5,0.9877774918486618,-43.83728,-0.0333163328,0.9208224309894892,8.6960392378055,0.1680000000000028
unmarked38,252,buzz,2,23.5,0.9877774918486618,-40.123263333333334,-0.030493680133333333,0.9208190111895482,8.688158675525264,0.1680000000000028
unmarked38,253,buzz,1,23.5,0.9877774918486618,-34.95082,-0.0265626232,0.9208142484964873,8.68026551245162,0.1680000000000028
unmarked38,254,buzz,2,23.5,0.9877774918486618,-30.507643333333338,-0.023185808933333336,0.9208101572990949,8.654300792605166,0.1680000000000028
unmarked38,255,buzz,2,23.5,0.9877774918486618,-24.121203333333334,-0.018332114533333332,0.9208042767796747,8.602051921895695,0.1680000000000028
unmarked38,256,buzz,1,23.5,0.9877774918486618,44.891684999999995,0.0341176806,0.9207407309497462,8.986473039793802,0.1680000000000028
unmarked38,257,buzz,1,23.5,0.9877774918486618,44.891684999999995,0.0341176806,0.9207407309497462,8.986473039793802,0.1680000000000028
unmarked38,258,buzz,1,23.5,0.9877774918486618,44.891684999999995,0.0341176806,0.9207407309497462,8.986473039793802,0.1680000000000028
unmarked38,259,buzz,2,23.5,0.9877774918486618,216.0677,0.164211452,0.9205831151449351,9.084636329814744,0.1680000000000028
unmarked38,260,buzz,2,23.5,0.9877774918486618,283.252,0.21527152,0.9205212530463509,9.315101955803152,0.1680000000000028
unmarked38,261,buzz,1,23.5,0.9877774918486618,283.32025,0.21532338999999998,0.9205211902029748,9.282704753176729,0.1680000000000028
unmarked38,262,buzz,2,23.5,0.9877774918486618,318.1263666666666,0.2417760386666666,0.9204891413549467,9.511114684262868,0.1680000000000028
unmarked38,263,flight,1,23.5,0.9877774918486618,76.35072,0.058026547199999993,0.9207117640344917,6.221142615347502,0.1680000000000028
unmarked38,264,flight,1,23.5,0.9877774918486618,100.792205,0.0766020758,0.9206892587534273,7.9709275449300145,0.1680000000000028
unmarked4,265,buzz,1,22.5,1.0586737026540554,309.4597,0.235189372,0.9236105905054794,14.911009786180623,0.16099999999999426
unmarked4,266,buzz,1,22.5,1.0586737026540554,334.2901,0.254060476,0.9235876497858447,14.824837062844232,0.16099999999999426
unmarked4,267,buzz,1,22.5,1.0586737026540554,393.18365,0.29881957400000003,0.923533238241172,14.776298643133396,0.16099999999999426
unmarked4,268,buzz,1,22.5,1.0586737026540554,393.18365,0.29881957400000003,0.923533238241172,14.776298643133396,0.16099999999999426
unmarked4,298,flight,2,22.5,1.0586737026540554,281.64526666666666,0.21405040266666664,0.9236362881630644,13.277700458506642,0.16099999999999426
unmarked4,301,flight,2,22.5,1.0586737026540554,198.18723333333332,0.15062229733333332,0.9237133947478944,13.066830832753737,0.16099999999999426
unmarked4,306,flight,2,22.5,1.0586737026540554,236.5428333333333,0.1797725533333333,0.9236779581433282,13.714978311412816,0.16099999999999426
unmarked4,309,flight,2,22.5,1.0586737026540554,188.14853333333335,0.14299288533333335,0.9237226694676813,12.67155771110139,0.16099999999999426
unmarked4,310,flight,1,22.5,1.0586737026540554,230.4585,0.17514845999999998,0.9236835794375952,13.247120613649857,0.16099999999999426
unmarked4,311,flight,2,22.5,1.0586737026540554,199.12186666666668,0.15133261866666667,0.9237125312434298,13.518906487212313,0.16099999999999426
unmarked4,312,flight,4,22.5,1.0586737026540554,206.51166000000003,0.15694886160000002,0.923705703839239,13.190952577338646,0.16099999999999426
unmarked4,313,flight,2,22.5,1.0586737026540554,223.62586666666667,0.16995565866666665,0.9236898920836124,13.421369549887764,0.16099999999999426
unmarked4,314,flight,2,22.5,1.0586737026540554,212.88283333333334,0.16179095333333335,0.9236998175345001,13.500722814804751,0.16099999999999426
unmarked4,315,flight,1,22.5,1.0586737026540554,203.86544999999998,0.154937742,0.9237081486633941,13.470406098938978,0.16099999999999426
unmarked4,316,flight,2,22.5,1.0586737026540554,183.77890000000005,0.13967196400000004,0.9237267065566211,12.631234365617505,0.16099999999999426
unmarked4,317,flight,2,22.5,1.0586737026540554,170.11913333333334,0.12929054133333334,0.9237393267672247,12.31088112834494,0.16099999999999426
unmarked4,318,flight,2,22.5,1.0586737026540554,174.05006666666668,0.13227805066666667,0.9237356949916794,12.452020873987133,0.16099999999999426
unmarked4,319,flight,1,22.5,1.0586737026540554,229.52375,0.17443805,0.9236844430498478,13.651203362637869,0.16099999999999426
unmarked4,320,flight,2,22.5,1.0586737026540554,171.8433,0.130600908,0.9237377338156774,12.712049688747973,0.16099999999999426
unmarked4,321,flight,2,22.5,1.0586737026540554,146.3987666666667,0.11126306266666668,0.9237612419309488,12.486824903754702,0.16099999999999426
unmarked4,322,flight,2,22.5,1.0586737026540554,221.1231333333333,0.1680535813333333,0.9236922043501776,14.485575211556851,0.16099999999999426
unmarked4,323,flight,2,22.5,1.0586737026540554,235.01306666666665,0.17860993066666664,0.9236793714893963,13.621400812248726,0.16099999999999426
unmarked4,324,flight,1,22.5,1.0586737026540554,200.15924999999996,0.15212103,0.9237115728085997,12.56974655101873,0.16099999999999426
unmarked4,325,flight,2,22.5,1.0586737026540554,114.53410333333332,0.08704591853333332,0.9237906815818518,11.730214682344661,0.16099999999999426
unmarked4,326,buzz,1,22.5,1.0586737026540554,218.41065,0.165992094,0.9236947104040335,12.856256723303966,0.16099999999999426
unmarked4,327,buzz,1,22.5,1.0586737026540554,209.17804999999998,0.15897531799999998,0.9237032403708524,12.905513763993934,0.16099999999999426
unmarked4,328,buzz,1,22.5,1.0586737026540554,211.97674999999998,0.16110233,0.92370065466172,12.994955267463395,0.16099999999999426
unmarked4,329,buzz,1,22.5,1.0586737026540554,203.02920000000003,0.15430219200000003,0.9237089212718417,11.923509566068978,0.16099999999999426
unmarked41,345,buzz,2,23.0,1.0226113898709317,90.22315333333334,0.06856959653333335,0.9222534376014419,13.802822482947564,0.22399999999999665
unmarked41,346,buzz,2,23.0,1.0226113898709317,168.31756666666666,0.12792135066666666,0.9221814082615736,14.490558930135327,0.22399999999999665
unmarked41,347,buzz,1,23.0,1.0226113898709317,168.8068,0.12829316799999999,0.9221809570237379,14.35718022667264,0.22399999999999665
unmarked41,355,flight,1,23.0,1.0226113898709317,101.08158999999999,0.07682200839999999,0.9222434224673021,14.470590977312193,0.22399999999999665
unmarked41,356,flight,1,23.0,1.0226113898709317,53.3022,0.040509672,0.9222874911499915,14.40149184420416,0.22399999999999665
unmarked41,357,flight,2,23.0,1.0226113898709317,-0.5300839000000004,-0.0004028637640000003,0.922337142638586,13.92558069593776,0.22399999999999665
unmarked41,358,flight,1,23.0,1.0226113898709317,60.918034999999996,0.046297706599999995,0.9222804667862223,14.153070309897375,0.22399999999999665
unmarked41,359,flight,1,23.0,1.0226113898709317,-2.4186090000000005,-0.0018381428400000004,0.9223388844945073,14.178088399475358,0.22399999999999665
unmarked41,360,flight,1,23.0,1.0226113898709317,-50.6939,-0.038527364,0.9223834105648658,12.772686438811238,0.22399999999999665
unmarked41,361,flight,1,23.0,1.0226113898709317,-45.191050000000004,-0.034345198,0.9223783350846108,14.334872972016829,0.22399999999999665
unmarked41,362,flight,1,23.0,1.0226113898709317,-61.101615,-0.0464372274,0.9223930099818919,13.314896232595437,0.22399999999999665
unmarked41,363,flight,1,23.0,1.0226113898709317,-94.335675,-0.07169511299999999,0.9224236629735818,13.4866211766883,0.22399999999999665
unmarked41,364,flight,2,23.0,1.0226113898709317,-101.98086,-0.0775054536,0.9224307144079318,13.029342902776266,0.22399999999999665
unmarked42,365,buzz,1,23.5,0.9877774918486618,567.3419,0.43117984400000003,0.9202596681611832,10.029015054237517,0.15450000000000053
unmarked42,366,buzz,1,23.5,0.9877774918486618,549.40385,0.41754692600000004,0.9202761851959295,9.794021124282965,0.15450000000000053
unmarked42,379,flight,1,23.5,0.9877774918486618,620.9639,0.471932564,0.9202102939852183,10.483704921628206,0.15450000000000053
unmarked42,380,flight,2,23.5,0.9877774918486618,713.9600333333333,0.5426096253333333,0.9201246648133997,10.595989439604717,0.15450000000000053
unmarked42,381,flight,2,23.5,0.9877774918486618,724.2618000000001,0.550438968,0.9201151791314006,11.004659152899125,0.15450000000000053
unmarked42,384,flight,1,23.5,0.9877774918486618,613.1184000000001,0.46596998400000006,0.9202175179809202,10.919512608992047,0.15450000000000053
unmarked42,385,flight,2,23.5,0.9877774918486618,598.2271666666667,0.45465264666666666,0.9202312295615203,10.475319179429958,0.15450000000000053
unmarked42,395,flight,1,23.5,0.9877774918486618,514.8629500000001,0.39129584200000006,0.9203079898372072,10.471790757310776,0.15450000000000053
unmarked42,396,flight,1,23.5,0.9877774918486618,516.3628,0.392435728,0.9203066088022248,10.075085700309595,0.15450000000000053
unmarked42,397,flight,1,23.5,0.9877774918486618,465.67275,0.35391129,0.92035328329121,9.52472312754085,0.15450000000000053
unmarked42,398,flight,2,23.5,0.9877774918486618,472.09479999999996,0.358792048,0.9203473699827405,9.493659129308254,0.15450000000000053
unmarked42,399,flight,1,23.5,0.9877774918486618,440.39045,0.334696742,0.9203765627796476,9.897025829424784,0.15450000000000053
unmarked42,400,flight,1,23.5,0.9877774918486618,529.6728,0.40255132800000004,0.920294353192921,10.06599015569843,0.15450000000000053
unmarked42,401,flight,1,23.5,0.9877774918486618,551.5477,0.4191762519999999,0.9202742111772964,10.093925295293714,0.15450000000000053
unmarked42,402,flight,1,23.5,0.9877774918486618,476.45284999999996,0.36210416599999995,0.920343357168456,10.124086011840713,0.15450000000000053
unmarked42,403,flight,1,23.5,0.9877774918486618,453.7335,0.34483746,0.9203642767384965,10.209668952352505,0.15450000000000053
unmarked42,413,flight,1,23.5,0.9877774918486618,403.32405,0.306526278,0.920410692856034,10.562453539824482,0.15450000000000053
unmarked42,414,flight,1,23.5,0.9877774918486618,372.10465,0.282799534,0.920439439119678,10.301655877439227,0.15450000000000053
unmarked42,416,flight,2,23.5,0.9877774918486618,453.5371,0.344688196,0.9203644575800943,10.471446525849178,0.15450000000000053
unmarked42,417,flight,1,23.5,0.9877774918486618,422.8534,0.321368584,0.9203927105807854,9.735480350236466,0.15450000000000053
unmarked42,418,flight,1,23.5,0.9877774918486618,390.853,0.29704828000000005,0.9204221759752234,9.650597484628523,0.15450000000000053
unmarked42,419,flight,1,23.5,0.9877774918486618,338.78940000000006,0.25747994400000007,0.9204701152044159,9.439182844059939,0.15450000000000053
unmarked42,420,flight,1,23.5,0.9877774918486618,289.91299999999995,0.22033387999999995,0.9205151197170065,9.067541834965795,0.15450000000000053
unmarked42,421,flight,2,23.5,0.9877774918486618,359.3139,0.27307856399999997,0.920451216612894,9.665799051246923,0.15450000000000053
unmarked42,422,flight,1,23.5,0.9877774918486618,292.068,0.22197167999999998,0.9205131354316534,9.86120885962085,0.15450000000000053
unmarked42,428,flight,1,23.5,0.9877774918486618,323.7842,0.246075992,0.9204839317234788,8.621404066009069,0.15450000000000053
unmarked44,429,buzz,3,23.5,0.9877774918486618,-116.7976225,-0.0887661931,0.9208896115644223,12.09619035879937,0.19799999999999685
unmarked44,448,flight,2,23.5,0.9877774918486618,113.83305333333335,0.08651312053333335,0.9206772509741513,11.2249251308009,0.19799999999999685
unmarked44,449,flight,1,23.5,0.9877774918486618,120.02974999999999,0.09122261,0.9206715451669897,11.229676939233144,0.19799999999999685
unmarked44,453,buzz,2,23.5,0.9877774918486618,85.19161999999999,0.06474563119999999,0.9207036234923209,10.513047755984227,0.19799999999999685
unmarked44,454,flight,1,23.5,0.9877774918486618,91.92452,0.06986263520000001,0.9206974239587459,11.261114133808205,0.19799999999999685
unmarked44,455,flight,1,23.5,0.9877774918486618,97.60558499999999,0.0741802446,0.9206921929359758,11.527071980916327,0.19799999999999685
unmarked46,456,buzz,2,24.0,0.9541301642708879,-982.2509666666667,-0.7465107346666667,0.9201356279708732,9.045064087675504,0.16799999999999926
unmarked46,457,buzz,1,24.0,0.9541301642708879,-841.19765,-0.639310214,0.9200059671482332,9.741574782903133,0.16799999999999926
unmarked46,458,buzz,2,24.0,0.9541301642708879,-786.5777333333333,-0.5977990773333333,0.9199557587341747,10.021591484137442,0.16799999999999926
unmarked46,459,buzz,1,24.0,0.9541301642708879,-440.0724,-0.33445502400000005,0.9196372396973246,11.346214610364108,0.16799999999999926
unmarked46,480,flight,1,24.0,0.9541301642708879,-190.2294,-0.144574344,0.9194075758391722,11.563583085981533,0.16799999999999926
unmarked46,481,flight,1,24.0,0.9541301642708879,-191.82455000000002,-0.145786658,0.9194090421532308,11.567092225217815,0.16799999999999926
unmarked46,495,flight,2,24.0,0.9541301642708879,-253.81763333333336,-0.19290140133333336,0.9194660282232711,11.507514586093059,0.16799999999999926
unmarked46,496,flight,1,24.0,0.9541301642708879,-241.1255,-0.18325538,0.9194543611991418,11.526879431790285,0.16799999999999926
unmarked46,497,flight,2,24.0,0.9541301642708879,-262.5289333333333,-0.19952198933333334,0.9194740359351843,11.479066128303232,0.16799999999999926
unmarked46,498,flight,1,24.0,0.9541301642708879,-298.8806,-0.227149256,0.9195074515762746,11.367594801118205,0.16799999999999926
unmarked46,502,flight,1,24.0,0.9541301642708879,-199.8049,-0.151851724,0.919416377951994,11.3495479223761,0.16799999999999926
unmarked46,503,flight,1,24.0,0.9541301642708879,-213.2754,-0.162089304,0.9194287604762241,11.387405534441648,0.16799999999999926
unmarked46,504,flight,1,24.0,0.9541301642708879,-215.19005,-0.16354443800000001,0.9194305204851339,11.427454436510795,0.16799999999999926
unmarked46,512,flight,2,24.0,0.9541301642708879,-189.8118,-0.144256968,0.9194071919675922,11.57200128466611,0.16799999999999926
unmarked46,513,flight,1,24.0,0.9541301642708879,-155.3944,-0.11809974399999999,0.919375554367693,11.746325792643324,0.16799999999999926
unmarked46,514,flight,3,24.0,0.9541301642708879,-152.770675,-0.116105713,0.919373142553849,11.713819920669481,0.16799999999999926
unmarked46,526,flight,1,24.0,0.9541301642708879,-322.85499999999996,-0.2453698,0.9195294896289754,10.816084824178132,0.16799999999999926
unmarked46,540,flight,1,24.0,0.9541301642708879,-270.7109,-0.205740284,0.9194815570665825,11.24421684482621,0.16799999999999926
unmarked46,541,flight,2,24.0,0.9541301642708879,-263.8521,-0.200527596,0.9194752522332661,11.284377241327677,0.16799999999999926
unmarked46,542,flight,1,24.0,0.9541301642708879,-253.27580000000003,-0.192489608,0.9194655301523473,11.369437852347758,0.16799999999999926
unmarked46,543,flight,1,24.0,0.9541301642708879,-262.37115,-0.199402074,0.9194738908955831,11.357898791873287,0.16799999999999926
unmarked46,544,flight,2,24.0,0.9541301642708879,-332.9622666666667,-0.25305132266666674,0.9195387805591118,11.108057987450142,0.16799999999999926
unmarked46,545,flight,2,24.0,0.9541301642708879,-325.2149666666667,-0.2471633746666667,0.9195316589875315,11.2781440276148,0.16799999999999926
unmarked46,546,flight,2,24.0,0.9541301642708879,-300.93126666666666,-0.22870776266666668,0.9195093366161534,11.176429477851437,0.16799999999999926
unmarked46,547,flight,2,24.0,0.9541301642708879,-297.52633333333335,-0.22612001333333337,0.9195062066900556,11.24765718806497,0.16799999999999926
unmarked46,548,flight,2,24.0,0.9541301642708879,-308.93373333333335,-0.23478963733333336,0.9195166927452801,10.975662391607816,0.16799999999999926
unmarked46,549,flight,2,24.0,0.9541301642708879,-287.0911,-0.21818923599999998,0.9194966142822312,11.07794277058598,0.16799999999999926
unmarked46,550,flight,2,24.0,0.9541301642708879,-255.3134333333333,-0.19403820933333332,0.91946740321156,11.448308296214542,0.16799999999999926
unmarked47,551,buzz,2,24.0,0.9541301642708879,-395.47919999999993,-0.30056419199999995,0.9195962481692076,7.8983510830915,0.22599999999999554
unmarked47,552,buzz,1,24.0,0.9541301642708879,-397.49355,-0.302095098,0.9195980998256184,7.969410330627309,0.22599999999999554
unmarked47,553,buzz,2,24.0,0.9541301642708879,-216.73513333333335,-0.16471870133333336,0.9194319407762747,9.043957697799202,0.22599999999999554
unmarked47,554,buzz,2,24.0,0.9541301642708879,-175.84583333333333,-0.13364283333333332,0.9193943539941948,9.199823124617085,0.22599999999999554
unmarked47,555,buzz,1,24.0,0.9541301642708879,-190.22535,-0.14457126599999998,0.9194075721162795,8.843951173952101,0.22599999999999554
unmarked47,556,buzz,2,24.0,0.9541301642708879,-173.46490000000003,-0.13183332400000003,0.9193921653623928,9.01024227187137,0.22599999999999554
unmarked47,557,buzz,1,24.0,0.9541301642708879,-157.17315,-0.11945159400000001,0.9193771894528774,9.102185767117279,0.22599999999999554
unmarked47,558,buzz,2,24.0,0.9541301642708879,-99.85417999999997,-0.07588917679999997,0.9193244999807069,9.615697790460985,0.22599999999999554
unmarked47,559,buzz,2,24.0,0.9541301642708879,-85.76393666666667,-0.06518059186666667,0.9193115477681323,9.80106961461095,0.22599999999999554
unmarked47,560,buzz,1,24.0,0.9541301642708879,-76.32285499999999,-0.05800536979999999,0.9193028692170394,9.874322734046794,0.22599999999999554
unmarked47,561,buzz,1,24.0,0.9541301642708879,-52.909255,-0.040211033800000004,0.9192813466700428,10.03525284690239,0.22599999999999554
unmarked47,562,buzz,2,24.0,0.9541301642708879,146.7802333333333,0.11155297733333332,0.9190977855603737,11.727438188374533,0.22599999999999554
unmarked47,563,buzz,2,24.0,0.9541301642708879,133.16811666666666,0.10120776866666667,0.9191102982632762,10.703138064696121,0.22599999999999554
unmarked47,564,buzz,1,24.0,0.9541301642708879,53.10743999999999,0.04036165439999999,0.919183892656113,10.018882525370719,0.22599999999999554
unmarked47,565,buzz,3,24.0,0.9541301642708879,55.03609749999999,0.04182743409999999,0.9191821197710512,10.08331465448167,0.22599999999999554
unmarked47,566,buzz,2,24.0,0.9541301642708879,179.38276666666667,0.13633090266666667,0.9190678162452801,11.427307669519415,0.22599999999999554
unmarked47,567,buzz,1,24.0,0.9541301642708879,171.84435,0.130601706,0.9190747458044675,11.234354069359448,0.22599999999999554
unmarked47,568,buzz,2,24.0,0.9541301642708879,163.26436666666666,0.12408091866666666,0.9190826328058052,11.031872506972851,0.22599999999999554
unmarked47,569,buzz,2,24.0,0.9541301642708879,114.10316666666665,0.08671840666666665,0.9191278233889449,10.888984432222053,0.22599999999999554
unmarked47,570,buzz,1,24.0,0.9541301642708879,127.00945,0.09652718199999999,0.9191159595111307,11.373571982245398,0.22599999999999554
unmarked47,571,buzz,1,24.0,0.9541301642708879,167.45445,0.127265382,0.9190787811441444,11.875583322245436,0.22599999999999554
unmarked47,572,buzz,1,24.0,0.9541301642708879,318.1891,0.241823716,0.9189402209232206,13.184370592104367,0.22599999999999554
unmarked47,573,buzz,2,24.0,0.9541301642708879,329.3489333333333,0.25030518933333334,0.9189299624393742,13.244059354184033,0.22599999999999554
unmarked47,574,buzz,1,24.0,0.9541301642708879,337.35929999999996,0.25639306799999995,0.918922599048309,13.11965294486459,0.22599999999999554
unmarked47,575,buzz,1,24.0,0.9541301642708879,337.35929999999996,0.25639306799999995,0.918922599048309,13.11965294486459,0.22599999999999554
unmarked47,576,buzz,2,24.0,0.9541301642708879,340.9669666666667,0.25913489466666667,0.9189192827630995,13.052525960386395,0.22599999999999554
unmarked47,577,buzz,1,24.0,0.9541301642708879,379.0298,0.28806264800000003,0.9188842941616355,13.055300424619888,0.22599999999999554
unmarked47,578,buzz,2,24.0,0.9541301642708879,428.4746666666667,0.32564074666666665,0.9188388428228168,12.66010755802174,0.22599999999999554
unmarked47,579,buzz,2,24.0,0.9541301642708879,417.66873333333336,0.31742823733333336,0.918848775990207,12.41595983533399,0.22599999999999554
unmarked47,580,buzz,2,24.0,0.9541301642708879,635.2062,0.482756712,0.9186488084350329,13.439391988478366,0.22599999999999554
unmarked47,581,buzz,1,24.0,0.9541301642708879,687.5400000000001,0.5225304000000001,0.9186007014941948,13.053787008177707,0.22599999999999554
unmarked47,582,buzz,2,24.0,0.9541301642708879,654.7682333333333,0.49762385733333336,0.918630826374104,12.601922425798765,0.22599999999999554
unmarked47,583,buzz,2,24.0,0.9541301642708879,460.2224666666666,0.3497690746666666,0.9188096592065623,12.083199103523539,0.22599999999999554
unmarked47,584,buzz,1,24.0,0.9541301642708879,507.68839999999994,0.385843184,0.9187660269679959,12.540529876062193,0.22599999999999554
unmarked47,585,buzz,1,24.0,0.9541301642708879,574.2274,0.436412824,0.9187048621426553,12.894698187031057,0.22599999999999554
unmarked47,592,buzz,1,24.0,0.9541301642708879,224.26559999999998,0.17044185599999997,0.919026558476729,9.691666105029867,0.22599999999999554
unmarked47,593,buzz,2,24.0,0.9541301642708879,213.78596666666667,0.16247733466666667,0.9190361916984856,9.74403588817312,0.22599999999999554
unmarked47,594,buzz,1,24.0,0.9541301642708879,211.4038,0.16066688799999998,0.9190383814640081,9.74767098300835,0.22599999999999554
unmarked47,595,buzz,1,24.0,0.9541301642708879,216.35500000000002,0.16442980000000001,0.9190338301590106,9.778510558763386,0.22599999999999554
unmarked47,596,buzz,1,24.0,0.9541301642708879,238.36225,0.18115530999999999,0.919013600374937,10.041345527703282,0.22599999999999554
unmarked47,597,buzz,1,24.0,0.9541301642708879,252.08784999999997,0.191586766,0.9190009833544422,10.153653772627594,0.22599999999999554
unmarked47,602,buzz,2,24.0,0.9541301642708879,478.01613333333336,0.36329226133333337,0.9187933026861181,11.18870374125158,0.22599999999999554
unmarked47,603,buzz,2,24.0,0.9541301642708879,606.1708,0.460689808,0.9186754987244826,11.968591977846796,0.22599999999999554
unmarked47,604,buzz,2,24.0,0.9541301642708879,855.2433,0.649984908,0.9184465431351339,12.725344366161782,0.22599999999999554
unmarked47,614,buzz,2,24.0,0.9541301642708879,710.5770333333334,0.5400385453333334,0.9185795250995962,12.919770284070335,0.22599999999999554
unmarked47,615,buzz,1,24.0,0.9541301642708879,747.8064,0.568332864,0.9185453026479555,12.958710124347741,0.22599999999999554
unmarked47,616,buzz,2,24.0,0.9541301642708879,729.6741999999999,0.554552392,0.9185619703593135,12.859979581931347,0.22599999999999554
unmarked47,617,flight,1,24.0,0.9541301642708879,672.2581499999999,0.5109161939999999,0.9186147490705957,12.036567064443581,0.22599999999999554
unmarked47,618,buzz,1,24.0,0.9541301642708879,550.88385,0.418671726,0.9187263202974004,10.307568083974875,0.22599999999999554
unmarked47,619,buzz,1,24.0,0.9541301642708879,303.65335,0.230776546,0.9189535826600959,9.574162359913839,0.22599999999999554
unmarked47,620,buzz,2,24.0,0.9541301642708879,361.63689999999997,0.27484404399999995,0.9189002822842504,10.065136861847867,0.22599999999999554
unmarked47,621,buzz,1,24.0,0.9541301642708879,414.56820000000005,0.31507183200000005,0.9188516261018678,10.556107696087588,0.22599999999999554
unmarked47,622,buzz,5,24.0,0.9541301642708879,573.0632833333334,0.4355280953333334,0.9187059322367744,11.885583269733393,0.22599999999999554
unmarked47,623,buzz,3,24.0,0.9541301642708879,695.075225,0.528257171,0.918593774868892,12.461167189976546,0.22599999999999554
unmarked47,624,flight,1,24.0,0.9541301642708879,703.6055499999999,0.5347402179999999,0.9185859335151186,12.332339681524008,0.22599999999999554
unmarked47,625,flight,1,24.0,0.9541301642708879,572.60215,0.43517763400000004,0.9187063561256185,11.602790367866278,0.22599999999999554
unmarked47,626,buzz,2,24.0,0.9541301642708879,549.4988,0.41761908799999997,0.9187275934806662,11.02439998872698,0.22599999999999554
unmarked47,627,buzz,1,24.0,0.9541301642708879,543.9918,0.41343376800000003,0.9187326556952045,10.884089309946976,0.22599999999999554
unmarked47,628,buzz,2,24.0,0.9541301642708879,554.7627,0.421619652,0.9187227547316003,11.15120757857798,0.22599999999999554
unmarked47,629,buzz,2,24.0,0.9541301642708879,618.3391666666668,0.46993776666666676,0.9186643131638061,12.526716805399463,0.22599999999999554
unmarked47,630,buzz,1,24.0,0.9541301642708879,627.78665,0.47711785399999995,0.9186556287280919,11.356380287469793,0.22599999999999554
unmarked47,631,buzz,2,24.0,0.9541301642708879,627.9566666666667,0.47724706666666666,0.9186554724432104,11.390886475104455,0.22599999999999554
unmarked48,632,buzz,4,24.0,0.9541301642708879,-118.39673999999998,-0.08998152239999999,0.9193415449083998,6.51949717024269,0.11250000000000071
unmarked48,633,buzz,2,24.0,0.9541301642708879,-126.89730000000002,-0.09644194800000001,0.9193493589012115,6.424818308551882,0.11250000000000071
unmarked48,634,buzz,2,24.0,0.9541301642708879,-129.5086,-0.09842653600000001,0.919351759293589,6.386348756421697,0.11250000000000071
unmarked48,639,buzz,7,24.0,0.9541301642708879,-42.597129124999995,-0.032373818134999996,0.9192718674266214,6.614696012770919,0.11250000000000071
unmarked48,640,flight,1,24.0,0.9541301642708879,183.3251,0.139327076,0.9190641923235235,6.935854891797718,0.11250000000000071
unmarked48,641,flight,1,24.0,0.9541301642708879,92.6113,0.070384588,0.9191475794158,6.354381284230716,0.11250000000000071
unmarked48,642,flight,1,24.0,0.9541301642708879,68.59347,0.052131037199999994,0.9191696573907774,6.340063293128374,0.11250000000000071
unmarked48,643,flight,2,24.0,0.9541301642708879,93.50279333333334,0.07106212293333333,0.9191467599259667,6.887486425010717,0.11250000000000071
unmarked48,644,flight,2,24.0,0.9541301642708879,110.26668999999998,0.0838026844,0.919131350003791,6.998530177599598,0.11250000000000071
unmarked48,645,flight,1,24.0,0.9541301642708879,121.343,0.09222068,0.9191211682973246,7.179658448814183,0.11250000000000071
unmarked48,646,flight,1,24.0,0.9541301642708879,-5.597473000000001,-0.004254079480000001,0.9192378561324246,6.427381777050904,0.11250000000000071
unmarked48,647,flight,1,24.0,0.9541301642708879,29.386875000000003,0.022334025000000004,0.9192056973753786,6.645559293529231,0.11250000000000071
unmarked48,648,flight,2,24.0,0.9541301642708879,72.85942666666668,0.05537316426666668,0.9191657359838667,7.041573824090833,0.11250000000000071
unmarked48,649,flight,1,24.0,0.9541301642708879,21.889505,0.0166360238,0.9192125892031273,6.737706574584693,0.11250000000000071
unmarked48,650,flight,2,24.0,0.9541301642708879,-73.81836666666666,-0.05610195866666667,0.9193005670094397,5.620000261050309,0.11250000000000071
unmarked48,651,flight,1,24.0,0.9541301642708879,-108.39089999999999,-0.08237708399999999,0.9193323472129732,5.520215887999441,0.11250000000000071
unmarked48,652,flight,2,24.0,0.9541301642708879,-84.28652,-0.0640577552,0.9193101896784048,5.867108294953436,0.11250000000000071
unmarked5,672,buzz,2,22.5,1.0586737026540554,244.8066,0.18605301600000002,0.9236703232782345,11.019312840219898,0.25500000000000256
unmarked5,734,buzz,3,22.5,1.0586737026540554,259.241225,0.19702333099999997,0.9236569871787291,8.311406850610284,0.25500000000000256
unmarked5,739,flight,1,22.5,1.0586737026540554,281.7731,0.21414755600000002,0.9236361700582953,8.9048784874293,0.25500000000000256
unmarked5,740,flight,1,22.5,1.0586737026540554,207.93470000000002,0.15803037200000003,0.9237043890975647,7.646685881835303,0.25500000000000256
unmarked50,741,buzz,1,23.0,1.0226113898709317,65.618455,0.049870025799999995,0.9222761314165684,7.605065937840191,0.23650000000000126
unmarked50,742,buzz,1,23.0,1.0226113898709317,65.618455,0.049870025799999995,0.9222761314165684,7.605065937840191,0.23650000000000126
unmarked50,747,flight,1,23.0,1.0226113898709317,282.8923,0.21499814799999997,0.9220757317854298,10.147645757759122,0.23650000000000126
unmarked50,748,flight,3,23.0,1.0226113898709317,339.140475,0.257746761,0.9220238520319222,9.579101484033274,0.23650000000000126
unmarked50,749,flight,1,23.0,1.0226113898709317,339.39825,0.25794267,0.9220236142765912,10.031962249092103,0.23650000000000126
unmarked50,750,flight,2,23.0,1.0226113898709317,307.17406666666665,0.23345229066666667,0.9220533358220159,9.775826592390437,0.23650000000000126
unmarked50,751,flight,1,23.0,1.0226113898709317,304.95705,0.23176735799999998,0.9220553806577496,9.844528858192032,0.23650000000000126
unmarked50,752,flight,2,23.0,1.0226113898709317,319.57326666666665,0.24287568266666665,0.9220418995853791,9.388242952484077,0.23650000000000126
unmarked50,753,flight,1,23.0,1.0226113898709317,331.8359,0.25219528399999996,0.9220305893091846,9.441249027243718,0.23650000000000126
unmarked50,754,flight,1,23.0,1.0226113898709317,346.94835,0.26368074599999997,0.922016650542622,9.843703504210987,0.23650000000000126
unmarked50,755,flight,2,23.0,1.0226113898709317,350.66226666666665,0.26650332266666665,0.9220132250611515,10.191485421780955,0.23650000000000126
unmarked50,756,flight,1,23.0,1.0226113898709317,373.89279999999997,0.28415852799999997,0.9219917986887726,10.308474814172751,0.23650000000000126
unmarked50,757,flight,1,23.0,1.0226113898709317,376.527,0.28616052,0.9219893690695594,10.198244355106926,0.23650000000000126
unmarked50,758,flight,1,23.0,1.0226113898709317,370.969,0.28193644,0.9219944954166808,10.167949840577926,0.23650000000000126
unmarked50,759,flight,2,23.0,1.0226113898709317,342.61446666666666,0.26038699466666665,0.9220206478420733,10.233602824298842,0.23650000000000126
unmarked50,760,flight,1,23.0,1.0226113898709317,362.19895,0.27527120200000005,0.9220025843552507,10.150153553208952,0.23650000000000126
unmarked50,761,flight,1,23.0,1.0226113898709317,369.588,0.28088688,0.9219957691635995,10.032859712018913,0.23650000000000126
unmarked50,762,flight,1,23.0,1.0226113898709317,377.69134999999994,0.28704542599999994,0.9219882951468766,10.027939372076002,0.23650000000000126
unmarked50,763,flight,2,23.0,1.0226113898709317,295.4159333333333,0.22451610933333335,0.9220641807793686,8.297835534804223,0.23650000000000126
unmarked50,764,flight,2,23.0,1.0226113898709317,320.9673666666667,0.24393519866666666,0.9220406137558501,8.440231298421539,0.23650000000000126
unmarked50,765,flight,1,23.0,1.0226113898709317,260.89135,0.19827742599999998,0.9220960240680315,7.61139742144973,0.23650000000000126
unmarked50,766,flight,1,23.0,1.0226113898709317,293.68715,0.223202234,0.9220657752996032,7.363493382134021,0.23650000000000126
unmarked50,767,flight,1,23.0,1.0226113898709317,247.43975,0.18805421,0.9221084309717625,6.994733631900912,0.23650000000000126
unmarked50,768,flight,2,23.0,1.0226113898709317,277.0546333333333,0.2105615213333333,0.9220811160793685,7.719013431847765,0.23650000000000126
unmarked50,769,flight,2,23.0,1.0226113898709317,296.5795,0.22540042,0.9220631075791828,8.129555079308588,0.23650000000000126
unmarked50,770,flight,2,23.0,1.0226113898709317,213.41106666666664,0.16219241066666665,0.922139816873679,7.399897191036247,0.23650000000000126
unmarked50,771,flight,1,23.0,1.0226113898709317,277.89175,0.21119773,0.9220803439759835,7.964673199971213,0.23650000000000126
unmarked50,772,flight,2,23.0,1.0226113898709317,297.5957333333333,0.22617275733333334,0.9220621702699308,8.856891790965648,0.23650000000000126
unmarked501,773,buzz,1,24.0,0.9541301642708879,-152.27005,-0.115725238,0.9193726823629733,6.083710734476186,0.1905000000000001
unmarked501,774,buzz,1,24.0,0.9541301642708879,-131.52245,-0.09995706199999999,0.9193536104903837,5.9481313341687105,0.1905000000000001
unmarked501,775,buzz,1,24.0,0.9541301642708879,-123.09615,-0.093553074,0.9193458647597931,5.892842313336383,0.1905000000000001
unmarked501,776,buzz,1,24.0,0.9541301642708879,-99.859825,-0.075893467,0.9193245051697754,5.637545854613369,0.1905000000000001
unmarked501,777,buzz,1,24.0,0.9541301642708879,-90.96488,-0.0691333088,0.919316328645371,5.563838485720449,0.1905000000000001
unmarked501,778,buzz,1,24.0,0.9541301642708879,-112.11559999999999,-0.08520785599999998,0.919335771079051,5.177239633205651,0.1905000000000001
unmarked501,779,buzz,1,24.0,0.9541301642708879,-168.72405,-0.128230278,0.9193878074179961,5.043413422273784,0.1905000000000001
unmarked501,780,buzz,2,24.0,0.9541301642708879,-175.55276666666666,-0.13342010266666665,0.9193940845977284,5.033919650615681,0.1905000000000001
unmarked501,781,buzz,1,24.0,0.9541301642708879,-181.07934999999998,-0.137620306,0.9193991648139073,5.024419207570344,0.1905000000000001
unmarked501,802,flight,1,24.0,0.9541301642708879,-496.2365,-0.37713974,0.9196888675752144,7.614477627380937,0.1905000000000001
unmarked501,803,flight,1,24.0,0.9541301642708879,-502.39195,-0.38181788200000005,0.9196945258662039,6.880833476140749,0.1905000000000001
unmarked501,804,flight,1,24.0,0.9541301642708879,-493.6643,-0.375184868,0.9196865031248359,6.830803301668624,0.1905000000000001
unmarked501,805,flight,1,24.0,0.9541301642708879,-488.51939999999996,-0.371274744,0.9196817737644624,6.81894724945234,0.1905000000000001
unmarked501,806,flight,2,24.0,0.9541301642708879,-447.7862333333333,-0.3403175373333333,0.91964433050525,7.173055524679166,0.1905000000000001
unmarked501,807,flight,2,24.0,0.9541301642708879,-452.2405999999999,-0.34370285599999995,0.9196484251047956,7.243016452939955,0.1905000000000001
unmarked501,808,flight,1,24.0,0.9541301642708879,-459.24815,-0.34902859399999997,0.9196548666739777,7.312887158436158,0.1905000000000001
unmarked501,809,flight,1,24.0,0.9541301642708879,-467.88085,-0.35558944600000003,0.9196628021341999,6.955023464954644,0.1905000000000001
unmarked501,810,flight,1,24.0,0.9541301642708879,-465.23605000000003,-0.353579398,0.9196603709475265,6.942524215533082,0.1905000000000001
unmarked501,811,flight,1,24.0,0.9541301642708879,-520.35225,-0.39546771000000003,0.9197110355614591,5.113162700828131,0.1905000000000001
unmarked501,816,flight,1,24.0,0.9541301642708879,-520.77115,-0.395786074,0.9197114206280413,5.131168483399661,0.1905000000000001
unmarked51,819,buzz,3,23.5,0.9877774918486618,-252.28164999999996,-0.19173405399999996,0.9210143628272289,6.493156250781164,0.3265000000000029
unmarked51,820,buzz,2,23.5,0.9877774918486618,-256.8623666666667,-0.19521539866666665,0.9210185806689869,6.734773678471429,0.3265000000000029
unmarked51,821,buzz,4,23.5,0.9877774918486618,83.57709799999998,0.06351859447999998,0.9207051101152243,9.808845929570458,0.3265000000000029
unmarked51,822,buzz,2,23.5,0.9877774918486618,33.328435999999996,0.025329611359999997,0.9207513781820549,8.864446906243199,0.3265000000000029
unmarked51,823,buzz,1,23.5,0.9877774918486618,140.03948,0.10643000479999999,0.9206531205664519,10.313994444773456,0.3265000000000029
unmarked51,824,buzz,2,23.5,0.9877774918486618,177.62908666666664,0.13499810586666663,0.92061850873075,10.665545613053576,0.3265000000000029
unmarked51,825,buzz,1,23.5,0.9877774918486618,346.56375,0.26338845,0.920462956722358,11.361507077425909,0.3265000000000029
unmarked51,826,buzz,3,23.5,0.9877774918486618,370.4622499999999,0.28155130999999994,0.9204409514121439,11.943842050392783,0.3265000000000029
unmarked51,827,buzz,1,23.5,0.9877774918486618,367.1725,0.27905110000000005,0.9204439805549469,11.975736963847446,0.3265000000000029
unmarked51,828,buzz,2,23.5,0.9877774918486618,301.1066666666666,0.22884106666666665,0.9205048127894826,11.14186224324926,0.3265000000000029
unmarked51,829,buzz,1,23.5,0.9877774918486618,359.8781,0.27350735600000003,0.9204506971076521,11.330171632124769,0.3265000000000029
unmarked51,830,buzz,2,23.5,0.9877774918486618,377.72786666666667,0.28707317866666665,0.9204342613626159,11.454424276781955,0.3265000000000029
unmarked51,831,buzz,1,23.5,0.9877774918486618,398.8588,0.303132688,0.920414804378156,11.578634470187595,0.3265000000000029
unmarked51,832,buzz,1,23.5,0.9877774918486618,411.27684999999997,0.31257040599999997,0.9204033700604163,11.58669046809636,0.3265000000000029
unmarked51,833,buzz,1,23.5,0.9877774918486618,370.01834999999994,0.281213946,0.9204413601473033,11.120096799076148,0.3265000000000029
unmarked51,834,buzz,2,23.5,0.9877774918486618,351.84763333333336,0.2674042013333333,0.9204580914173437,11.00303567835714,0.3265000000000029
unmarked51,835,buzz,1,23.5,0.9877774918486618,501.55820000000006,0.38118423200000007,0.9203202406124051,13.14917807082555,0.3265000000000029
unmarked51,836,buzz,2,23.5,0.9877774918486618,587.9944666666667,0.44687579466666666,0.9202406516481711,13.858812742066489,0.3265000000000029
unmarked51,837,buzz,2,23.5,0.9877774918486618,608.9021,0.46276559600000006,0.9202214002743467,14.011930719943061,0.3265000000000029
unmarked51,838,buzz,2,23.5,0.9877774918486618,385.2033,0.292754508,0.9204273781176638,10.80593544638041,0.3265000000000029
unmarked51,839,buzz,3,23.5,0.9877774918486618,340.8605,0.25905398,0.9204682081726783,10.322955699994326,0.3265000000000029
unmarked51,840,buzz,2,23.5,0.9877774918486618,547.3907666666667,0.4160169826666666,0.920278038806961,11.131554587799284,0.3265000000000029
unmarked51,841,buzz,2,23.5,0.9877774918486618,606.8406333333334,0.46119888133333337,0.920223298435884,11.339522595435694,0.3265000000000029
unmarked51,842,buzz,1,23.5,0.9877774918486618,633.9614,0.48181066400000006,0.92019832612031,11.40466917483283,0.3265000000000029
unmarked51,843,buzz,2,23.5,0.9877774918486618,614.7106333333334,0.46718008133333333,0.9202160518810213,11.695384534598984,0.3265000000000029
unmarked51,844,buzz,3,23.5,0.9877774918486618,574.0508500000001,0.43627864600000005,0.9202534906803388,11.650376077837342,0.3265000000000029
unmarked51,845,buzz,1,23.5,0.9877774918486618,635.1372499999999,0.4827043099999999,0.9201972434187172,11.858303310506844,0.3265000000000029
unmarked51,846,buzz,2,23.5,0.9877774918486618,629.0804333333333,0.47810112933333326,0.9202028204268834,11.831455004294249,0.3265000000000029
unmarked51,847,flight,2,23.5,0.9877774918486618,583.1972,0.44322987199999997,0.9202450688852857,12.293409092211425,0.3265000000000029
unmarked52,848,buzz,1,23.5,0.9877774918486618,157.0433,0.119352908,0.9206374637539356,12.176172156428146,0.23800000000000132
unmarked52,858,flight,1,23.5,0.9877774918486618,352.7835,0.26811546,0.9204572296881004,12.47660123970281,0.23800000000000132
unmarked52,860,flight,1,23.5,0.9877774918486618,331.36980000000005,0.251841048,0.9204769470390359,11.67315781902093,0.23800000000000132
unmarked52,861,buzz,1,23.5,0.9877774918486618,343.29045,0.260900742,0.920465970718296,8.80344264008196,0.23800000000000132
unmarked56,862,buzz,1,23.5,0.9877774918486618,-684.43475,-0.52017041,0.9214122816516517,6.32768352530697,0.1720000000000006
unmarked56,863,buzz,1,23.5,0.9877774918486618,-799.8804500000001,-0.6079091420000001,0.9215185819818557,6.126145696285182,0.1720000000000006
unmarked56,864,buzz,2,23.5,0.9877774918486618,-798.1754333333333,-0.6066133293333333,0.921517012033086,6.137738810320087,0.1720000000000006
unmarked56,865,buzz,2,23.5,0.9877774918486618,-724.6218,-0.550712568,0.9214492851665936,6.67277522438124,0.1720000000000006
unmarked56,868,buzz,1,23.5,0.9877774918486618,-644.6315,-0.48991993999999994,0.9213756315328671,7.365241508075104,0.1720000000000006
unmarked56,869,buzz,1,23.5,0.9877774918486618,-633.3895,-0.48137602,0.9213652801008764,7.574001392091105,0.1720000000000006
unmarked56,870,buzz,1,23.5,0.9877774918486618,-633.3895,-0.48137602,0.9213652801008764,7.574001392091105,0.1720000000000006
unmarked56,871,buzz,1,23.5,0.9877774918486618,-630.8646500000001,-0.47945713400000006,0.921362955264276,7.610837026846686,0.1720000000000006
unmarked56,872,buzz,7,23.5,0.9877774918486618,-411.1285874999999,-0.3124577264999999,0.921160626238583,9.012041226950144,0.1720000000000006
unmarked56,877,flight,1,23.5,0.9877774918486618,-540.2383,-0.410581108,0.921279508146452,7.9415799741404385,0.1720000000000006
unmarked56,878,flight,1,23.5,0.9877774918486618,-552.5577,-0.419943852,0.9212908516290408,7.920514090607196,0.1720000000000006
unmarked56,879,flight,2,23.5,0.9877774918486618,-489.7442333333333,-0.3722056173333333,0.9212330141154054,8.653646191087638,0.1720000000000006
unmarked56,880,flight,1,23.5,0.9877774918486618,-469.5876,-0.356886576,0.9212144542489128,8.577672786662864,0.1720000000000006
unmarked56,881,flight,1,23.5,0.9877774918486618,-485.81315,-0.36921799400000005,0.9212293944443705,8.439943851460846,0.1720000000000006
unmarked56,882,flight,1,23.5,0.9877774918486618,-511.49605,-0.388736998,0.9212530427981038,8.29203730460688,0.1720000000000006
unmarked56,883,flight,2,23.5,0.9877774918486618,-616.5883,-0.46860710800000005,0.9213498098572223,7.416390850081305,0.1720000000000006
unmarked56,884,flight,1,23.5,0.9877774918486618,-635.8236,-0.4832259360000001,0.9213675213765044,7.436998246448988,0.1720000000000006
unmarked56,885,flight,2,23.5,0.9877774918486618,-617.5750666666667,-0.46935705066666666,0.9213507184542726,7.726205007444784,0.1720000000000006
unmarked56,886,flight,1,23.5,0.9877774918486618,-619.46645,-0.470794502,0.9213524600061266,7.840198162163238,0.1720000000000006
unmarked56,887,flight,1,23.5,0.9877774918486618,-606.73595,-0.46111932199999994,0.9213407379900302,8.083079850214549,0.1720000000000006
unmarked56,888,flight,1,23.5,0.9877774918486618,-591.5056000000001,-0.4495442560000001,0.921326714156885,8.338219350281399,0.1720000000000006
unmarked56,889,flight,2,23.5,0.9877774918486618,-591.1821,-0.44929839600000004,0.9213264162838867,8.437180270790527,0.1720000000000006
unmarked56,890,flight,3,23.5,0.9877774918486618,-596.990875,-0.4537130649999999,0.9213317648997346,8.504298009724993,0.1720000000000006
unmarked56,891,flight,2,23.5,0.9877774918486618,-632.2682,-0.48052383200000004,0.9213642476279453,8.12040355753839,0.1720000000000006
unmarked56,892,flight,1,23.5,0.9877774918486618,-652.0246000000001,-0.49553869600000006,0.9213824389667622,7.9475118724009945,0.1720000000000006
unmarked56,893,flight,2,23.5,0.9877774918486618,-637.8495666666665,-0.48476567066666654,0.9213693868502779,8.18697155367683,0.1720000000000006
unmarked56,894,flight,2,23.5,0.9877774918486618,-622.4874333333332,-0.4730904493333332,0.921355241673403,8.428469806839948,0.1720000000000006
unmarked56,895,flight,2,23.5,0.9877774918486618,-677.4827666666666,-0.5148869026666667,0.9214058803900724,7.866040842516516,0.1720000000000006
unmarked56,896,flight,1,23.5,0.9877774918486618,-713.0206000000001,-0.541895656,0.9214386029896847,7.697353426402694,0.1720000000000006
unmarked56,897,flight,1,23.5,0.9877774918486618,-651.70375,-0.49529485,0.9213821435338362,8.957603332067128,0.1720000000000006
unmarked56,898,flight,1,23.5,0.9877774918486618,-665.5116499999999,-0.505788854,0.921394857600531,8.444383471837682,0.1720000000000006
unmarked56,899,flight,1,23.5,0.9877774918486618,-657.1397,-0.49942617199999995,0.9213871488591099,8.287265937478304,0.1720000000000006
unmarked57,900,buzz,2,24.0,0.9541301642708879,-250.66386666666665,-0.19050453866666664,0.9194631291777889,6.247327860059702,0.27550000000000274
unmarked57,901,buzz,1,24.0,0.9541301642708879,-269.6358,-0.204923208,0.9194805687994952,6.219798640461655,0.27550000000000274
unmarked57,902,flight,1,24.0,0.9541301642708879,-567.09825,-0.43099467,0.9197540060137558,9.11940105959117,0.27550000000000274
unmarked57,903,flight,1,24.0,0.9541301642708879,-561.78675,-0.42695793000000004,0.9197491235092125,8.87182480869637,0.27550000000000274
unmarked57,904,flight,1,24.0,0.9541301642708879,-586.8001,-0.44596807600000005,0.919772116598738,7.301688858373106,0.27550000000000274
unmarked57,905,flight,1,24.0,0.9541301642708879,-502.4427,-0.381856452,0.919694572517264,8.057123918204764,0.27550000000000274
unmarked57,906,flight,1,24.0,0.9541301642708879,-636.77415,-0.48394835399999997,0.9198180543801868,6.161109352280136,0.27550000000000274
unmarked57,907,flight,1,24.0,0.9541301642708879,-539.5944499999999,-0.41009178199999996,0.9197287236211257,7.607410994879955,0.27550000000000274
unmarked57,908,flight,1,24.0,0.9541301642708879,-559.1297,-0.42493857199999996,0.9197466810619385,7.670593118182585,0.27550000000000274
unmarked57,909,flight,1,24.0,0.9541301642708879,-575.3049000000001,-0.4372317240000001,0.9197615498348813,7.617934311332272,0.27550000000000274
unmarked57,910,flight,1,24.0,0.9541301642708879,-583.19705,-0.443229758,0.9197688045573197,7.4770650143409085,0.27550000000000274
unmarked57,911,flight,2,24.0,0.9541301642708879,-557.8792,-0.423988192,0.9197455315614337,7.7809387757314346,0.27550000000000274
unmarked57,912,flight,2,24.0,0.9541301642708879,-582.6761666666666,-0.4428338866666667,0.9197683257443211,7.4153029247830755,0.27550000000000274
unmarked57,913,flight,1,24.0,0.9541301642708879,-479.0874,-0.364106424,0.9196731035615346,7.755251301601587,0.27550000000000274
unmarked57,914,flight,2,24.0,0.9541301642708879,-502.2306333333334,-0.38169528133333336,0.9196943775786471,8.381436585635578,0.27550000000000274
unmarked57,915,flight,2,24.0,0.9541301642708879,-482.8360666666667,-0.3669554106666667,0.9196765494585563,8.703148216428142,0.27550000000000274
unmarked57,916,flight,2,24.0,0.9541301642708879,-540.4746333333333,-0.41076072133333325,0.9197295327144371,7.626890688305932,0.27550000000000274
unmarked59,917,buzz,2,23.5,0.9877774918486618,97.47466,0.0740807416,0.9206923134893679,11.167838662219303,0.22850000000000037
unmarked59,918,buzz,1,23.5,0.9877774918486618,41.64084999999999,0.03164704599999999,0.9207437242603151,10.318687447103343,0.22850000000000037
unmarked59,919,buzz,1,23.5,0.9877774918486618,-6.106943,-0.00464127668,0.9207876895718201,7.525306527860317,0.22850000000000037
unmarked59,920,buzz,2,23.5,0.9877774918486618,-7.945001666666666,-0.006038201266666667,0.9207893820232773,8.874626485660912,0.22850000000000037
unmarked59,921,buzz,2,23.5,0.9877774918486618,-0.3392499333333337,-0.0002578299493333336,0.9207823787834797,9.032774858698442,0.22850000000000037
unmarked59,924,buzz,2,23.5,0.9877774918486618,88.77048666666667,0.06746556986666667,0.9207003281360763,7.135281727455231,0.22850000000000037
unmarked59,925,buzz,1,23.5,0.9877774918486618,83.693265,0.0636068814,0.920705003150734,7.065710527380996,0.22850000000000037
unmarked59,926,buzz,3,23.5,0.9877774918486618,85.15231250000001,0.06471575750000001,0.9207036596859619,7.050443278210705,0.22850000000000037
unmarked59,927,buzz,2,23.5,0.9877774918486618,105.02756666666669,0.07982095066666668,0.92068535890836,7.7170999719838,0.22850000000000037
unmarked59,928,buzz,3,23.5,0.9877774918486618,119.53614999999999,0.09084747399999998,0.9206719996650176,8.083046636035887,0.22850000000000037
unmarked59,946,flight,2,23.5,0.9877774918486618,761.1736666666667,0.5784919866666667,0.9200811913465362,13.162396498480309,0.22850000000000037
unmarked59,947,flight,2,23.5,0.9877774918486618,771.6448333333333,0.5864500733333333,0.9200715496840552,12.560993848849856,0.22850000000000037
unmarked59,948,flight,2,23.5,0.9877774918486618,758.5209666666666,0.5764759346666666,0.9200836339051238,12.235631082671006,0.22850000000000037
unmarked59,950,buzz,2,23.5,0.9877774918486618,773.1142666666667,0.5875668426666667,0.920070196656194,12.513922435893305,0.22850000000000037
unmarked59,951,buzz,2,23.5,0.9877774918486618,739.4163999999998,0.5619564639999999,0.920101225047497,12.209283180847669,0.22850000000000037
unmarked59,952,buzz,3,23.5,0.9877774918486618,477.701725,0.363053311,0.9203422072267528,10.403212646934353,0.22850000000000037
unmarked59,953,buzz,1,23.5,0.9877774918486618,454.03170000000006,0.34506409200000004,0.9203640021612842,10.287933058092323,0.22850000000000037
unmarked59,954,buzz,1,23.5,0.9877774918486618,452.2094,0.343679144,0.9203656801024439,10.242926546730748,0.22850000000000037
unmarked59,955,buzz,2,23.5,0.9877774918486618,444.78830000000005,0.33803910800000003,0.920372513318237,10.222172581110485,0.22850000000000037
unmarked59,962,buzz,2,23.5,0.9877774918486618,845.2905,0.6424207799999999,0.92000373807492,13.571252918282779,0.22850000000000037
unmarked59,963,buzz,2,23.5,0.9877774918486618,771.7032,0.5864944320000001,0.9200714959410753,11.010440859907403,0.22850000000000037
unmarked59,964,buzz,2,23.5,0.9877774918486618,516.6535333333334,0.39265668533333337,0.9203063411001854,10.165566573895253,0.22850000000000037
unmarked59,965,buzz,2,23.5,0.9877774918486618,497.4878666666666,0.3780907786666666,0.9203239885023428,10.3924212542649,0.22850000000000037
unmarked59,970,buzz,1,23.5,0.9877774918486618,706.123,0.53665348,0.9201318810131467,12.171753995727522,0.22850000000000037
unmarked59,971,buzz,1,23.5,0.9877774918486618,863.16305,0.656003918,0.919987281351399,12.447719088443698,0.22850000000000037
